customer_id,name,city
1001,Omaja Saxena,Jaipur
1002,Vidhi Mutti,Lucknow
1003,Pratyush Lad,Thane
1004,Wridesh Kanda,Noida
1005,Girik Uppal,Bangalore
1006,Nimrat Mammen,Thane
1007,Ubika Dayal,Hyderabad
1008,Omaja Bhalla,Delhi
1009,Benjamin Sarma,Delhi
1010,Jalsa Walia,Surat
1011,Arya Reddy,Surat
1012,Oni Memon,Thane
1013,Vasudha Aurora,Ahmedabad
1014,Elijah Narain,Lucknow
1015,Wishi Mammen,Bangalore
1016,Siddharth Sahota,Thane
1017,Mohini Thakur,Ahmedabad
1018,Raksha Rai,Mumbai
1019,Wakeeta Arya,Thane
1020,Rajeshri Bajaj,Thane
1021,Harini Rai,Mumbai
1022,Rishi Kamdar,Mumbai
1023,Tristan Pal,Noida
1024,Ekantika Mall,Mumbai
1025,Charles Atwal,Delhi
1026,Zayyan Kamdar,Bhopal
1027,Raksha Patla,Noida
1028,Edhitha Bajaj,Ahmedabad
1029,Yoshita Palan,Noida
1030,Hardik Ganesan,Bangalore
1031,Ryan Bhargava,Hyderabad
1032,Upasna Boase,Thane
1033,Yashawini Shan,Thane
1034,Osha Sant,Pune
1035,Ria Chawla,Jaipur
1036,Guneet Sami,Bangalore
1037,Chandresh Kumar,Jaipur
1038,Nandini Basak,Delhi
1039,Vansha Batra,Delhi
1040,Ladli Pillay,Kolkata
1041,Balvan Kala,Surat
1042,Azaan Agrawal,Lucknow
1043,Garima Naik,Kolkata
1044,Ekanta Dixit,Noida
1045,Hemang Gaba,Pune
1046,Orinder Chahal,Thane
1047,Girindra Tara,Ahmedabad
1048,Eshana Venkatesh,Lucknow
1049,Wridesh Naidu,Chennai
1050,Jatin Muni,Indore
1051,Anmol Ratti,Mumbai
1052,Yoshita Hegde,Kolkata
1053,Vidhi Zachariah,Bhopal
1054,Yashawini Narayanan,Nagpur
1055,Barkha Om,Hyderabad
1056,Samesh Arora,Indore
1057,Vincent Jayaraman,Indore
1058,Ethan Pingle,Surat
1059,Warda Venkatesh,Hyderabad
1060,Zaid Manne,Mumbai
1061,Jhalak Divan,Pune
1062,Jeevika Bhatt,Pune
1063,Fitan Bassi,Nagpur
1064,Saksham Badami,Lucknow
1065,Tristan Seth,Thane
1066,Rudra Chacko,Mumbai
1067,Darika Aurora,Ahmedabad
1068,Nirja Khalsa,Mumbai
1069,Kashish Mander,Bhopal
1070,Dev Chaudhary,Pune
1071,Matthew Chauhan,Lucknow
1072,Rishi Sarna,Hyderabad
1073,Ekavir Krish,Bangalore
1074,Avni Sharaf,Bhopal
1075,Anirudh Bhat,Kolkata
1076,Pallavi Sankaran,Surat
1077,Garima Dhar,Bangalore
1078,Nathan Ratti,Indore
1079,Faraj Brahmbhatt,Jaipur
1080,Veer Patla,Noida
1081,Qarin Cheema,Surat
1082,Girik Misra,Indore
1083,Chameli Nagy,Delhi
1084,Gautam Ghose,Kolkata
1085,Nitara Sanghvi,Chennai
1086,Harini Murty,Thane
1087,Rehaan Cherian,Mumbai
1088,Arunima Khanna,Ahmedabad
1089,Nachiket Balay,Chennai
1090,Zashil Grewal,Mumbai
1091,Ayushman Bains,Mumbai
1092,Dakshesh Bhattacharyya,Ahmedabad
1093,Jagdish Natarajan,Nagpur
1094,Prisha Goyal,Kolkata
1095,Radha Chauhan,Chennai
1096,Chavvi Nazareth,Lucknow
1097,Faras Kant,Pune
1098,Kavya Pradhan,Noida
1099,Isha Kapur,Pune
1100,Jairaj Chowdhury,Bhopal
1101,Ishanvi Patla,Noida
1102,Elijah Dua,Surat
1103,Benjamin Naik,Pune
1104,Hitesh Talwar,Delhi
1105,Aryan Bhakta,Kolkata
1106,Girik Banerjee,Mumbai
1107,Yatan Kala,Jaipur
1108,Advika Wable,Noida
1109,Vritti Kulkarni,Delhi
1110,Hemang Sundaram,Indore
1111,Yamini Chaudhari,Ahmedabad
1112,Prisha Dewan,Bhopal
1113,Jack Kothari,Noida
1114,Shaurya Mukherjee,Ahmedabad
1115,Rajeshri Wason,Kolkata
1116,Avni Balay,Surat
1117,Ikshita Madan,Lucknow
1118,Priya Loyal,Ahmedabad
1119,Chameli Balasubramanian,Pune
1120,Bhavna Pradhan,Surat
1121,Ladli Shenoy,Noida
1122,Vasatika Goyal,Bhopal
1123,Rajata Khosla,Bhopal
1124,Triya Luthra,Jaipur
1125,Omisha Kanda,Mumbai
1126,Vrishti Malhotra,Jaipur
1127,Priya Jain,Bhopal
1128,Girindra Palla,Nagpur
1129,Janya Nazareth,Bhopal
1130,Nakul Luthra,Bangalore
1131,Arjun Dua,Lucknow
1132,Gauri Doctor,Noida
1133,Ishanvi Venkatesh,Noida
1134,Januja Barman,Bhopal
1135,Sai Mangal,Ahmedabad
1136,Suhani Deol,Lucknow
1137,Aarush Kala,Ahmedabad
1138,Eiravati Sarraf,Nagpur
1139,Onkar Subramaniam,Delhi
1140,Manya Tak,Thane
1141,Manbir Thaker,Noida
1142,Siya Iyengar,Kolkata
1143,Kashvi Salvi,Delhi
1144,Aachal Ramakrishnan,Mumbai
1145,Ekalinga Gade,Bhopal
1146,Bachittar Mitter,Lucknow
1147,Utkarsh Thaman,Thane
1148,Chatresh Sarraf,Nagpur
1149,Viraj Gara,Nagpur
1150,Rayaan Gala,Noida
1151,Dev Behl,Surat
1152,Vrishti Barad,Noida
1153,Idika Dhillon,Delhi
1154,Eesha Divan,Thane
1155,Agastya Warrior,Indore
1156,Upasna Kohli,Mumbai
1157,Ishita Tiwari,Pune
1158,Akshay Nagar,Nagpur
1159,Ronith Koshy,Surat
1160,Ekaraj Iyer,Hyderabad
1161,Aarav Grewal,Lucknow
1162,Gayathri Bajwa,Nagpur
1163,Irya Bansal,Mumbai
1164,Kritika Warrior,Pune
1165,Gagan Mannan,Indore
1166,Chandran Balakrishnan,Kolkata
1167,Amara Issac,Bhopal
1168,Lucky Devi,Bangalore
1169,Niharika Madan,Lucknow
1170,Zehaan Bhalla,Hyderabad
1171,Faqid Grover,Bangalore
1172,Yachana Anand,Ahmedabad
1173,Ijaya Balay,Indore
1174,Lucky Savant,Hyderabad
1175,Anita Nagar,Ahmedabad
1176,Eesha Luthra,Mumbai
1177,Jairaj Hans,Kolkata
1178,Falak Rege,Noida
1179,Hritik Dutt,Surat
1180,Dayamai Dar,Noida
1181,Ishaan Subramaniam,Mumbai
1182,Dipta Muni,Pune
1183,Ojas Vohra,Bangalore
1184,Falguni Vasa,Noida
1185,Onkar Kota,Kolkata
1186,Aarini Pall,Mumbai
1187,Abdul Randhawa,Hyderabad
1188,Pooja Sundaram,Ahmedabad
1189,Libni Ramakrishnan,Nagpur
1190,Jacob Sidhu,Mumbai
1191,Madhavi Choudhary,Kolkata
1192,Nicholas Chahal,Noida
1193,Sathvik Parsa,Bangalore
1194,Ekani Bahri,Mumbai
1195,Gaurang Sura,Ahmedabad
1196,Henry Raj,Mumbai
1197,Daniel Deshmukh,Lucknow
1198,Faris Pingle,Jaipur
1199,Chaman Saini,Kolkata
1200,Krish Boase,Nagpur
1201,Harish Sant,Bhopal
1202,Nachiket Lata,Surat
1203,Max Doshi,Bangalore
1204,Reva Viswanathan,Bangalore
1205,Gaurangi Bhatti,Noida
1206,Warhi Kala,Mumbai
1207,Urmi Patil,Delhi
1208,Arin Morar,Surat
1209,Vrishti Mukherjee,Bhopal
1210,Zashil Nagar,Jaipur
1211,Sai Ahuja,Chennai
1212,Rehaan Amble,Delhi
1213,Logan Bali,Bangalore
1214,Urvashi Kaul,Mumbai
1215,Jacob Devi,Thane
1216,Dhriti Sachdeva,Chennai
1217,Manbir Barad,Pune
1218,Wazir Gulati,Chennai
1219,Sai Madan,Pune
1220,Zayan Mani,Pune
1221,Madhav Chaudhary,Pune
1222,Liam Karnik,Chennai
1223,Devika Parmar,Chennai
1224,Jairaj Srinivasan,Lucknow
1225,Veda Bhakta,Ahmedabad
1226,Madhav Kumar,Lucknow
1227,Jacob Khurana,Kolkata
1228,Jairaj Bajwa,Ahmedabad
1229,Anjali Hayre,Bhopal
1230,Upkaar Nadkarni,Kolkata
1231,Zayyan Vala,Hyderabad
1232,Oni Krishnan,Ahmedabad
1233,Tanmayi Gala,Bhopal
1234,Saumya Palan,Thane
1235,Ekansh Sarna,Indore
1236,Aarini Mammen,Ahmedabad
1237,Varenya Saha,Lucknow
1238,Ati Basak,Surat
1239,Anika Bala,Noida
1240,Adya Buch,Bangalore
1241,Patrick Patel,Kolkata
1242,Balendra Merchant,Noida
1243,Avni Chokshi,Bhopal
1244,Osha Tella,Mumbai
1245,Idika Malhotra,Bhopal
1246,Quincy Sagar,Chennai
1247,Lopa Balasubramanian,Delhi
1248,Victor Seth,Bhopal
1249,Bhavna Issac,Hyderabad
1250,Banjeet Mall,Mumbai
1251,Chakradhar Dewan,Kolkata
1252,Faris Tata,Pune
1253,Umang Dayal,Pune
1254,Reyansh Radhakrishnan,Indore
1255,Jatin Sundaram,Chennai
1256,Charita Samra,Nagpur
1257,Widisha Kakar,Delhi
1258,Girik Bains,Bhopal
1259,Finn Padmanabhan,Chennai
1260,Wridesh Sahni,Jaipur
1261,Neelima Sarkar,Noida
1262,Devika Golla,Indore
1263,Nachiket Keer,Bhopal
1264,Timothy Dube,Lucknow
1265,Forum Tata,Mumbai
1266,Devansh Patel,Thane
1267,Qasim Chhabra,Mumbai
1268,Kavya Tripathi,Indore
1269,Hemal Saxena,Nagpur
1270,Kai Comar,Mumbai
1271,Pranav Tank,Delhi
1272,Bhavini Tara,Chennai
1273,Chanchal Chandran,Thane
1274,Nathan Pant,Jaipur
1275,Zashil Kashyap,Bhopal
1276,Ucchal Kannan,Delhi
1277,Balhaar Saxena,Bangalore
1278,Arunima Yogi,Indore
1279,Sara Oak,Bangalore
1280,Ekapad Khatri,Bangalore
1281,Alexander Walla,Delhi
1282,Ladli Bala,Chennai
1283,Ishita Kadakia,Thane
1284,Max Parmar,Indore
1285,Gavin Mangat,Bhopal
1286,Kala Pathak,Surat
1287,Yug Dani,Bhopal
1288,Falak Minhas,Jaipur
1289,Brinda Agarwal,Pune
1290,Harita Mukherjee,Jaipur
1291,Tejas Nagarajan,Indore
1292,Vamakshi Tata,Bhopal
1293,Saanvi Reddy,Nagpur
1294,Radha Ramanathan,Noida
1295,Ranbir Som,Indore
1296,Tejas Chopra,Lucknow
1297,Oliver D’Alia,Kolkata
1298,Oliver Tella,Noida
1299,Quincy Muni,Bhopal
1300,Mahika Kata,Indore
1301,Balveer Patla,Bangalore
1302,Chandani Thakkar,Nagpur
1303,Shivansh Chowdhury,Pune
1304,Idika Bail,Surat
1305,Maanas D’Alia,Bhopal
1306,Vritti Johal,Thane
1307,Chatresh Luthra,Hyderabad
1308,Ronith Bajaj,Bhopal
1309,Warda Nagar,Ahmedabad
1310,Bina Vyas,Pune
1311,Dalaja Saraf,Indore
1312,Jeevika Dyal,Indore
1313,Indali Mangat,Indore
1314,Jagat Kumer,Noida
1315,Veer Nagarajan,Delhi
1316,Chakrika Dada,Hyderabad
1317,Indira Sama,Mumbai
1318,Januja Arora,Delhi
1319,Kavya Munshi,Noida
1320,Ansh Iyer,Chennai
1321,Indrajit Puri,Mumbai
1322,Qabil Ratti,Kolkata
1323,Matthew Lata,Noida
1324,Zayan Chaudhari,Ahmedabad
1325,Sudiksha Sarma,Delhi
1326,Zayyan Sem,Mumbai
1327,Kala Randhawa,Chennai
1328,Libni Misra,Bhopal
1329,Chanchal Krishnamurthy,Hyderabad
1330,Ishanvi Barman,Bhopal
1331,Falak Bhakta,Mumbai
1332,Radhika Chanda,Ahmedabad
1333,Ridhi Das,Surat
1334,Anya Narasimhan,Lucknow
1335,Samar Krishnan,Surat
1336,Jatin Chaudhari,Ahmedabad
1337,Yagnesh Bassi,Nagpur
1338,Ansh Gupta,Indore
1339,Lipika Lad,Bangalore
1340,Lavanya Kota,Ahmedabad
1341,Darpan Goswami,Delhi
1342,Parth Gokhale,Chennai
1343,Sarthak Venkataraman,Nagpur
1344,Aarav Nanda,Hyderabad
1345,Veer Kale,Mumbai
1346,Bhavya Karnik,Jaipur
1347,Nandini Chaudhry,Hyderabad
1348,Yochana Sharaf,Surat
1349,Samesh Hari,Chennai
1350,Unni Chaudhari,Bangalore
1351,Amrita Sehgal,Surat
1352,Aayush Jani,Indore
1353,Harsh Sane,Mumbai
1354,Mohini Mutti,Noida
1355,Theodore Wable,Indore
1356,Warinder Hayre,Pune
1357,Nicholas Thakur,Thane
1358,Nihal Sant,Pune
1359,Vasana Kota,Pune
1360,Alexander Manda,Nagpur
1361,Arin Parekh,Noida
1362,Chakrika Sharaf,Thane
1363,Keya Acharya,Mumbai
1364,Damini Dhar,Chennai
1365,David Shroff,Lucknow
1366,Upma Wagle,Kolkata
1367,Michael Chadha,Bangalore
1368,Yochana Sandal,Bangalore
1369,Brijesh Dutta,Mumbai
1370,Nisha Raju,Jaipur
1371,Jeremiah Kashyap,Bhopal
1372,Sarthak Venkataraman,Mumbai
1373,Farhan Bedi,Kolkata
1374,Vivaan Gill,Bangalore
1375,Ansh Nanda,Hyderabad
1376,Kiaan Parikh,Hyderabad
1377,Akshay Vala,Hyderabad
1378,Krishna Deshmukh,Lucknow
1379,Jai Soman,Lucknow
1380,Ayaan Batra,Jaipur
1381,Laksh Sawhney,Chennai
1382,Lakshit Anne,Ahmedabad
1383,Frado Narayan,Jaipur
1384,Nicholas Mitter,Delhi
1385,Rachana Thaman,Hyderabad
1386,Vedhika Naik,Bangalore
1387,Mitali Batta,Jaipur
1388,Owen Mishra,Nagpur
1389,Nidra Dugar,Delhi
1390,Laksh Sarraf,Jaipur
1391,Avi Mody,Hyderabad
1392,Diya Lala,Thane
1393,Vaishnavi Parmar,Mumbai
1394,Libni Chandran,Surat
1395,Parth Devan,Nagpur
1396,Rajeshri Sheth,Ahmedabad
1397,Oliver Prakash,Lucknow
1398,Omisha Sama,Ahmedabad
1399,Warhi Golla,Hyderabad
1400,Chaitanya Bava,Noida
1401,Girindra Kota,Kolkata
1402,Yashvi Wadhwa,Pune
1403,Harita Soni,Ahmedabad
1404,Priya Datta,Ahmedabad
1405,Chaitaly Prashad,Bhopal
1406,Manya Rege,Pune
1407,Ekaja Vaidya,Kolkata
1408,Urishilla Mammen,Kolkata
1409,Aayush Gupta,Mumbai
1410,Ucchal Ramesh,Lucknow
1411,Tripti Tripathi,Indore
1412,Oviya Parsa,Nagpur
1413,Yachana Dhar,Hyderabad
1414,Ishaan Pant,Chennai
1415,Avi Solanki,Pune
1416,Chaman Doshi,Indore
1417,Samarth Rao,Bhopal
1418,Kritika Bansal,Bhopal
1419,Jagdish Narasimhan,Indore
1420,Tarak Pillai,Jaipur
1421,Triya Oza,Jaipur
1422,George Datta,Pune
1423,Benjamin Mane,Mumbai
1424,Wazir Sood,Bhopal
1425,Charita Master,Jaipur
1426,Sanaya Dara,Bangalore
1427,Utkarsh Nadkarni,Bhopal
1428,Charan Aggarwal,Delhi
1429,Eiravati Mander,Bhopal
1430,Siddharth Uppal,Bangalore
1431,Onveer Gour,Indore
1432,Reyansh Sane,Kolkata
1433,Thomas Mandal,Bangalore
1434,Rehaan Tripathi,Mumbai
1435,Inaya Kalita,Mumbai
1436,Shravya Narayan,Ahmedabad
1437,Dakshesh Mittal,Indore
1438,Jagdish Bawa,Surat
1439,Leena Pau,Noida
1440,Chameli Bath,Kolkata
1441,Rehaan Pradhan,Mumbai
1442,Aadhya Rout,Jaipur
1443,Faraj Badami,Pune
1444,Harsh Shah,Jaipur
1445,Bahadurjit Sule,Ahmedabad
1446,Garima Bajwa,Bhopal
1447,Sneha Kaur,Delhi
1448,Ikshita Karan,Chennai
1449,Vedhika Chada,Jaipur
1450,Pranav Kade,Bangalore
1451,Qushi Desai,Bangalore
1452,Zayyan Handa,Nagpur
1453,Varsha Mangal,Mumbai
1454,Upasna Tailor,Delhi
1455,Aradhana Chhabra,Kolkata
1456,Yashica Mallick,Chennai
1457,Hemani Vala,Chennai
1458,Chakrika Chaudhary,Thane
1459,Nakul Tata,Delhi
1460,Nathan Chakrabarti,Nagpur
1461,Yamini Soni,Pune
1462,Vidhi Karnik,Pune
1463,Priya Nazareth,Thane
1464,Urishilla Sur,Pune
1465,Kala Sachdeva,Kolkata
1466,Nisha Toor,Mumbai
1467,Yadavi Luthra,Delhi
1468,Shaurya Dugar,Lucknow
1469,Amara Apte,Pune
1470,Ishani Jaggi,Nagpur
1471,Vasatika Chhabra,Noida
1472,Upadhriti Zachariah,Surat
1473,Udant Dugal,Pune
1474,Jacob Toor,Mumbai
1475,Ekbal Lala,Thane
1476,Abhimanyu Edwin,Bhopal
1477,Udarsh Deol,Nagpur
1478,Chasmum Thakkar,Surat
1479,Nilima Bhalla,Kolkata
1480,Samuel Sarma,Ahmedabad
1481,Dhriti Pillai,Chennai
1482,Gaurangi Kohli,Kolkata
1483,Omkaar Kuruvilla,Indore
1484,Mekhala Chaudhari,Indore
1485,Joshua Dixit,Bangalore
1486,Bhanumati Khalsa,Surat
1487,Vedhika Singhal,Bangalore
1488,William Sule,Thane
1489,Nathaniel Natarajan,Hyderabad
1490,Liam Thaker,Bhopal
1491,Bhanumati Kalita,Surat
1492,Jonathan Hora,Bangalore
1493,Omisha Parsa,Pune
1494,Urvi Ramaswamy,Nagpur
1495,Mekhala Goel,Mumbai
1496,Umang Dhar,Chennai
1497,Jhalak Krish,Jaipur
1498,Raghav Ramachandran,Indore
1499,Advik Apte,Thane
1500,Michael Sachar,Delhi
1501,Wyatt Kibe,Mumbai
1502,Bahadurjit Manda,Noida
1503,Lakshit Badal,Ahmedabad
1504,Omisha Dora,Nagpur
1505,Vidhi Bhattacharyya,Kolkata
1506,Tara Banik,Chennai
1507,Anita Bora,Jaipur
1508,Kamya Morar,Bhopal
1509,Avni Chana,Nagpur
1510,Chanchal Iyer,Mumbai
1511,Inaya Panchal,Lucknow
1512,Hamsini Sem,Thane
1513,Rachana Khalsa,Bhopal
1514,Abeer Raval,Delhi
1515,Eesha Kumer,Lucknow
1516,Karan Kala,Indore
1517,Geetika Kuruvilla,Mumbai
1518,Hitesh Anne,Jaipur
1519,Urvashi Rana,Kolkata
1520,Lakshmi Gulati,Surat
1521,Rachita Nadig,Bangalore
1522,Prisha Issac,Chennai
1523,Rajata Kara,Mumbai
1524,Jhalak Narang,Nagpur
1525,Dev Pau,Thane
1526,Lakshit Muni,Chennai
1527,Yamini Nagar,Noida
1528,Samuel Bandi,Thane
1529,Isaac Buch,Hyderabad
1530,Nitesh Dalal,Surat
1531,Widisha Soman,Noida
1532,Qushi Sheth,Noida
1533,Dev Wali,Lucknow
1534,Nimrat Ram,Nagpur
1535,Balendra Bakshi,Noida
1536,Jonathan Agate,Bangalore
1537,Yadavi Lalla,Nagpur
1538,Leela Palla,Lucknow
1539,Harita Saran,Bangalore
1540,Zashil Manda,Kolkata
1541,Tamanna Kohli,Mumbai
1542,Raghav Gola,Nagpur
1543,Upasna Sodhi,Thane
1544,Vivaan Kapoor,Bangalore
1545,Niharika Banerjee,Surat
1546,Ladli Mannan,Delhi
1547,Yug Murthy,Mumbai
1548,Avni Murty,Hyderabad
1549,Balvan Shah,Kolkata
1550,Chatresh Sanghvi,Thane
1551,Sathvik Kohli,Chennai
1552,Oeshi Nair,Bangalore
1553,Bina Handa,Surat
1554,Karan Jayaraman,Hyderabad
1555,Sanaya Agate,Indore
1556,Jagvi Som,Noida
1557,Odika Borah,Lucknow
1558,Nicholas Anand,Thane
1559,Manthan Balan,Mumbai
1560,Dakshesh Sridhar,Nagpur
1561,Faras Bala,Delhi
1562,Vivaan Shah,Thane
1563,Reva Bora,Kolkata
1564,Tanveer Muni,Pune
1565,Orinder Mangal,Bangalore
1566,Rayaan Sankaran,Bhopal
1567,Wishi Aggarwal,Delhi
1568,Yoshita Mahal,Chennai
1569,Ekaraj Dey,Bhopal
1570,Chaitanya Tara,Nagpur
1571,Sanaya Salvi,Indore
1572,Ikshita Varma,Mumbai
1573,Nandini Ahuja,Thane
1574,Tanveer Kalla,Noida
1575,Max Dey,Chennai
1576,Varsha Narayanan,Nagpur
1577,Manya Muni,Delhi
1578,Jacob Naidu,Lucknow
1579,Baghyawati Upadhyay,Lucknow
1580,Caleb Apte,Hyderabad
1581,Lekha Nazareth,Noida
1582,Adya Dhingra,Mumbai
1583,Orinder Raghavan,Ahmedabad
1584,Mekhala Magar,Lucknow
1585,Jeet Anand,Chennai
1586,Adweta Manda,Noida
1587,Chakrika Gour,Jaipur
1588,Baljiwan Butala,Kolkata
1589,Balendra Sabharwal,Pune
1590,Zashil Manda,Delhi
1591,Veda Nayak,Surat
1592,Vaishnavi Pandit,Bhopal
1593,Warinder Vora,Kolkata
1594,Dakshesh Choudhary,Delhi
1595,Sneha Dutt,Lucknow
1596,Gopal Brar,Delhi
1597,Mohammed Sehgal,Pune
1598,Yuvraj Venkatesh,Chennai
1599,Isha Varkey,Bhopal
1600,Zehaan Mishra,Kolkata
1601,Chandran Venkatesh,Pune
1602,Jatin Deshpande,Jaipur
1603,Vedhika Kashyap,Noida
1604,Xavier Barad,Bhopal
1605,Chavvi Luthra,Thane
1606,Samarth Prabhu,Lucknow
1607,Pallavi Oza,Bhopal
1608,Saumya Chahal,Kolkata
1609,Rudra Vala,Bangalore
1610,Chameli Gaba,Hyderabad
1611,Jairaj Kohli,Nagpur
1612,Manya Wason,Nagpur
1613,Janaki Dhar,Surat
1614,Max Talwar,Pune
1615,Timothy Ganesan,Chennai
1616,Onkar Om,Lucknow
1617,Rajata Nath,Jaipur
1618,Unni Shenoy,Ahmedabad
1619,Charita Brar,Ahmedabad
1620,Chaaya Nayar,Mumbai
1621,Meera Wagle,Delhi
1622,Anvi Chaudhry,Delhi
1623,Zinal Bansal,Mumbai
1624,Elijah Gola,Nagpur
1625,Ijaya Seshadri,Bangalore
1626,Ryan Pingle,Indore
1627,Samar Mitter,Kolkata
1628,Adweta Bose,Nagpur
1629,Yashawini Chanda,Kolkata
1630,Eesha Talwar,Jaipur
1631,Kashish Contractor,Surat
1632,Aradhana Tella,Lucknow
1633,Champak Chaudhry,Pune
1634,Vidhi Manda,Ahmedabad
1635,Ekiya Thaman,Indore
1636,Aarush Bhakta,Surat
1637,Lipika Trivedi,Bhopal
1638,Prisha Bahri,Chennai
1639,Ijaya Patil,Bhopal
1640,Mason Rattan,Mumbai
1641,Matthew Babu,Jaipur
1642,Sneha Rajagopalan,Bangalore
1643,Onveer Nori,Lucknow
1644,Devika Palla,Delhi
1645,Harsh Kalita,Bhopal
1646,Anthony Gola,Surat
1647,Yatan Desai,Delhi
1648,Tanveer Mahal,Pune
1649,Tarak Madan,Nagpur
1650,Gunbir Sengupta,Bangalore
1651,Ekavir Lad,Bangalore
1652,Tripti Vyas,Thane
1653,Yatin Dhillon,Bhopal
1654,Ayaan Butala,Nagpur
1655,Fiyaz Choudhary,Delhi
1656,Jack Garg,Indore
1657,Advay Sen,Delhi
1658,Krish Sastry,Hyderabad
1659,Amruta Bal,Bangalore
1660,Nandini Tripathi,Kolkata
1661,Rishi Sur,Indore
1662,Jeevika Dave,Bangalore
1663,Aishani Gill,Jaipur
1664,Pratyush Bains,Delhi
1665,Baljiwan Dara,Hyderabad
1666,Kamya Banerjee,Lucknow
1667,Vasana Rao,Thane
1668,Frado Gulati,Bangalore
1669,Fiyaz Kapoor,Indore
1670,Avi Aggarwal,Thane
1671,Ekalinga Ravi,Hyderabad
1672,Victor Bhardwaj,Kolkata
1673,Indali Mukhopadhyay,Lucknow
1674,Krishna Rana,Delhi
1675,Imaran Nadig,Surat
1676,Sachi Kashyap,Chennai
1677,Yamini Bali,Jaipur
1678,Arin Bhargava,Bangalore
1679,Aishani Bhat,Mumbai
1680,Ishani Ghosh,Chennai
1681,Ishita Sami,Noida
1682,Wyatt Sehgal,Mumbai
1683,Raksha Khare,Kolkata
1684,Quincy Murthy,Noida
1685,Eesha Basak,Jaipur
1686,Tarak Bail,Ahmedabad
1687,Aarna Issac,Bhopal
1688,Amaira Parikh,Thane
1689,Vyanjana Shere,Ahmedabad
1690,Adya Sankar,Indore
1691,Aarini Peri,Pune
1692,Oeshi Nagar,Kolkata
1693,Indira Prasad,Noida
1694,Ikshita Srinivasan,Nagpur
1695,Abhiram Grover,Delhi
1696,Nisha Chahal,Pune
1697,Sachi Bhatnagar,Pune
1698,Gabriel Kata,Delhi
1699,Aarush Kala,Nagpur
1700,Jason Bhasin,Jaipur
1701,Advika Dass,Ahmedabad
1702,Krishna Vyas,Ahmedabad
1703,Nachiket Mistry,Noida
1704,Advaith Madan,Bhopal
1705,Simon Apte,Nagpur
1706,Finn Mangat,Nagpur
1707,Tristan Shah,Mumbai
1708,Ati Vala,Kolkata
1709,Arin Bhagat,Delhi
1710,Warjas Mukhopadhyay,Chennai
1711,Ranveer Chaudhry,Indore
1712,Waida Mand,Thane
1713,Chandresh Chahal,Hyderabad
1714,Divya Apte,Mumbai
1715,Kalpit Sachdeva,Mumbai
1716,Oscar Vyas,Delhi
1717,Ladli Yadav,Mumbai
1718,Ishani Natt,Kolkata
1719,Chandran Purohit,Bhopal
1720,Yamini Mann,Hyderabad
1721,Krisha Memon,Kolkata
1722,Gagan Das,Pune
1723,Manthan Chandra,Indore
1724,Saanvi Dora,Pune
1725,Advaith Jhaveri,Jaipur
1726,Gabriel Bhatia,Bangalore
1727,Hemang Shroff,Bangalore
1728,Bakhshi Kunda,Chennai
1729,Widisha Peri,Lucknow
1730,Matthew Banerjee,Lucknow
1731,Maanav Patel,Noida
1732,Rayaan Golla,Bangalore
1733,Osha Bhagat,Kolkata
1734,Champak Desai,Mumbai
1735,Gautam Lata,Pune
1736,Rajeshri Ram,Bhopal
1737,Maya Chawla,Kolkata
1738,Rohan Mital,Jaipur
1739,Sudiksha Vaidya,Nagpur
1740,Warda Muni,Thane
1741,Niharika Bhatia,Chennai
1742,Quincy Bhargava,Indore
1743,Rishi Tailor,Noida
1744,Fariq Khare,Bhopal
1745,Amaira Lata,Surat
1746,Krish Kade,Chennai
1747,Deepa Gill,Nagpur
1748,Ishani Mannan,Mumbai
1749,Meghana Patla,Noida
1750,Chasmum Raju,Nagpur
1751,Upma Samra,Bangalore
1752,Osha Bandi,Bangalore
1753,Jagat Bawa,Indore
1754,Onkar Misra,Bangalore
1755,Ishwar Murthy,Ahmedabad
1756,Max Bhatia,Mumbai
1757,Jai Mand,Indore
1758,Kamya Sodhi,Jaipur
1759,Sanya Nath,Indore
1760,Tamanna Ravi,Noida
1761,Balhaar Sachar,Nagpur
1762,Amaira Gola,Delhi
1763,Samesh Balakrishnan,Bangalore
1764,Aadi Rai,Surat
1765,Jairaj Vora,Surat
1766,Lopa Dash,Surat
1767,Zansi Chakraborty,Noida
1768,Zaitra Bhakta,Indore
1769,Damini Sangha,Chennai
1770,Naksh Brar,Noida
1771,Ikbal Dutta,Delhi
1772,Zayyan Pathak,Indore
1773,Lakshmi Narasimhan,Hyderabad
1774,Upadhriti Peri,Kolkata
1775,Amaira Mahal,Jaipur
1776,Neha Madan,Indore
1777,Chandresh Krishnan,Delhi
1778,Raghav Atwal,Chennai
1779,Ekavir Agate,Pune
1780,Jeremiah Buch,Indore
1781,Jagdish Bhatt,Ahmedabad
1782,Ekantika Chand,Chennai
1783,Chaitanya Kakar,Jaipur
1784,Anjali Master,Delhi
1785,Shivansh Bhatt,Indore
1786,Warjas Rout,Delhi
1787,Warda Ramachandran,Delhi
1788,Kamya Balasubramanian,Bhopal
1789,Yagnesh Mallick,Bangalore
1790,Jyoti Divan,Ahmedabad
1791,Hitesh Bhat,Pune
1792,Dominic Murthy,Thane
1793,Lakshmi Sharaf,Noida
1794,Anirudh Raghavan,Pune
1795,Vritti Shere,Jaipur
1796,Eiravati Ben,Jaipur
1797,Ati Bandi,Indore
1798,Zashil Varghese,Hyderabad
1799,Ira Dhar,Nagpur
1800,Shivani Lata,Delhi
1801,Inaya Gandhi,Indore
1802,Wyatt Chander,Indore
1803,Bhavna Rout,Delhi
1804,Chanakya Krish,Noida
1805,Abhiram Mukhopadhyay,Thane
1806,Dhruv Karnik,Chennai
1807,Udarsh Srivastava,Thane
1808,Eta Badal,Lucknow
1809,Noah Desai,Pune
1810,Faraj Korpal,Mumbai
1811,Hemangini Cheema,Indore
1812,Akshay Grover,Delhi
1813,Dakshesh Rama,Thane
1814,Fitan Butala,Delhi
1815,Baghyawati Khatri,Thane
1816,Amruta Bhatt,Indore
1817,Kabir Tandon,Surat
1818,Rajata Sabharwal,Kolkata
1819,Omkaar Narang,Jaipur
1820,Gaurav Natt,Lucknow
1821,Tanveer Chander,Indore
1822,Vrinda Krishnamurthy,Nagpur
1823,Ojas Bhatnagar,Noida
1824,Oviya Butala,Delhi
1825,Jason Korpal,Delhi
1826,Vihaan Sunder,Jaipur
1827,Chasmum Dey,Nagpur
1828,Gaurav Pant,Noida
1829,Mekhala Mander,Delhi
1830,Qasim Prabhakar,Bangalore
1831,Rayaan Nanda,Bhopal
1832,Rohan Bedi,Surat
1833,Gunbir Agate,Surat
1834,Harshil Kurian,Nagpur
1835,Vamakshi Wali,Noida
1836,Fitan Nadig,Pune
1837,Darika Sibal,Bhopal
1838,Vinaya Warrior,Delhi
1839,Anusha Vohra,Bangalore
1840,Shivani Andra,Kolkata
1841,Fitan Chatterjee,Surat
1842,Shivansh Mishra,Noida
1843,Brijesh Singhal,Surat
1844,Upkaar Basu,Bangalore
1845,Aarna Rajan,Surat
1846,Leena Jaggi,Ahmedabad
1847,Vedant Borah,Delhi
1848,Hemang Iyer,Bangalore
1849,Aadi Purohit,Delhi
1850,Vasana Seth,Bhopal
1851,Aarna Kamdar,Delhi
1852,Yashoda Chawla,Bhopal
1853,Maanas Thakur,Thane
1854,Hitesh Shere,Mumbai
1855,Krishna Dhaliwal,Ahmedabad
1856,Barkha Warrior,Chennai
1857,Gaurangi Sachdeva,Noida
1858,Charan Verma,Surat
1859,Charvi Ramakrishnan,Hyderabad
1860,Dipta Pai,Chennai
1861,Azad Kari,Pune
1862,Charles Roy,Nagpur
1863,Nitara Kala,Delhi
1864,Sai Choudhury,Noida
1865,Daksh Sathe,Noida
1866,Jatin Deep,Lucknow
1867,Amruta Chahal,Indore
1868,Anya Pant,Pune
1869,Frederick Basak,Jaipur
1870,Nakul Shere,Thane
1871,Henry Sachdeva,Surat
1872,Zarna Kari,Mumbai
1873,Bhavini Mammen,Surat
1874,Rachana Tara,Nagpur
1875,Vedika Desai,Hyderabad
1876,Lila Iyengar,Delhi
1877,Pahal Muni,Thane
1878,Ijaya Deol,Kolkata
1879,Kala Krishnan,Ahmedabad
1880,Balvan Padmanabhan,Indore
1881,Dhriti Thakur,Kolkata
1882,Manan Chakrabarti,Nagpur
1883,Madhav Pant,Bhopal
1884,Pahal Varty,Kolkata
1885,Avni Mander,Hyderabad
1886,Harrison Nori,Mumbai
1887,Chanchal Bhakta,Lucknow
1888,Xiti Ganguly,Noida
1889,Faras Vaidya,Kolkata
1890,Nitara Grover,Chennai
1891,Shivansh Shankar,Nagpur
1892,Balvan Deep,Hyderabad
1893,Krishna Handa,Noida
1894,Urvi Chad,Mumbai
1895,Harinakshi Bhandari,Kolkata
1896,Ikshita Dara,Bhopal
1897,Meghana Jayaraman,Thane
1898,Darika Madan,Delhi
1899,Jagdish Sangha,Ahmedabad
1900,Christopher Puri,Hyderabad
1901,Yug Comar,Lucknow
1902,Robert Sabharwal,Jaipur
1903,Netra Dhar,Ahmedabad
1904,Xiti Kanda,Bangalore
1905,Yug Parikh,Thane
1906,Tarak Jha,Delhi
1907,Gautam Jha,Mumbai
1908,Gopal Narayan,Indore
1909,Nidhi Char,Kolkata
1910,Wyatt Kumer,Delhi
1911,Aarna Krishnan,Bangalore
1912,Nisha Bajwa,Mumbai
1913,Charles Chander,Jaipur
1914,Lopa Dey,Delhi
1915,Simon Vyas,Hyderabad
1916,Abdul Hari,Jaipur
1917,Aarna Deo,Thane
1918,Chasmum Soman,Pune
1919,Anirudh Mammen,Indore
1920,Ganga Ramanathan,Jaipur
1921,Unnati Ganesh,Mumbai
1922,Abeer Hora,Lucknow
1923,Aashi Acharya,Thane
1924,Gaurangi Korpal,Noida
1925,Zayan Oak,Thane
1926,Vedhika Garde,Bangalore
1927,Ekaraj Deol,Surat
1928,Bhanumati Panchal,Nagpur
1929,Chakradhar Kade,Delhi
1930,Maanas Comar,Pune
1931,Pahal Divan,Surat
1932,Warda Chanda,Mumbai
1933,Pranav Bali,Bangalore
1934,Ucchal Swamy,Nagpur
1935,Gagan Khalsa,Nagpur
1936,Garima Ray,Noida
1937,Parth Chokshi,Delhi
1938,Inaya Bhatia,Kolkata
1939,Samar Sidhu,Indore
1940,Finn Jain,Thane
1941,Rajata Verma,Jaipur
1942,Arunima Dutt,Ahmedabad
1943,Oeshi Sarin,Thane
1944,Chaman Narayan,Kolkata
1945,Dalbir Seshadri,Kolkata
1946,Ira Sunder,Lucknow
1947,Atharv Borah,Indore
1948,Zehaan Bose,Bhopal
1949,Omya Chakraborty,Kolkata
1950,Eta Rajagopalan,Chennai
1951,Amara Tata,Delhi
1952,Upkaar Vig,Mumbai
1953,Ria Sunder,Kolkata
1954,Finn Warrior,Indore
1955,Gunbir Subramanian,Lucknow
1956,Pushti Mangat,Ahmedabad
1957,Qabil Sheth,Noida
1958,Bachittar Keer,Delhi
1959,Rachana Dasgupta,Bhopal
1960,Ojas Bawa,Lucknow
1961,Peter Kaul,Lucknow
1962,Chakradhar Cherian,Chennai
1963,Udyati Mani,Noida
1964,Frado Mahal,Kolkata
1965,Turvi Kala,Noida
1966,Mohini Mall,Noida
1967,Fariq Kohli,Surat
1968,Jai Menon,Bangalore
1969,Ekiya Batta,Bangalore
1970,Manan Shankar,Jaipur
1971,Aishani Rana,Nagpur
1972,Anika Dugar,Ahmedabad
1973,Jalsa Devi,Nagpur
1974,Harshil Kohli,Nagpur
1975,Zaitra Deshmukh,Jaipur
1976,Nathaniel Borde,Pune
1977,Owen Halder,Bhopal
1978,Nandini Thakur,Pune
1979,Pratyush Thakkar,Bhopal
1980,Nimrat Palan,Kolkata
1981,Laksh Gill,Bangalore
1982,Ria Randhawa,Ahmedabad
1983,Lekha Bansal,Jaipur
1984,Ryan Sandal,Bangalore
1985,Teerth Parmer,Jaipur
1986,Isaac Gandhi,Thane
1987,Harita Karnik,Indore
1988,Pahal Kalla,Thane
1989,Shivani Lall,Mumbai
1990,Balvan Sinha,Bhopal
1991,Vedhika Comar,Nagpur
1992,Abhimanyu Pall,Thane
1993,Libni Lalla,Kolkata
1994,Fitan Merchant,Noida
1995,Hemal Bora,Thane
1996,Riya Saran,Kolkata
1997,Divya Saran,Chennai
1998,Wakeeta Ramaswamy,Jaipur
1999,Falak Ray,Surat
2000,Harish Ganesan,Delhi
2001,Siya Randhawa,Jaipur
2002,Warda Nagi,Chennai
2003,Vinaya Prabhakar,Bhopal
2004,Ira Choudhury,Indore
2005,Amaira Raja,Pune
2006,Adweta Khosla,Hyderabad
2007,Yashodhara Sharma,Bangalore
2008,Vaishnavi Mahajan,Kolkata
2009,Brinda Jaggi,Noida
2010,Osha Mallick,Nagpur
2011,Raksha Agate,Bangalore
2012,Azaan Lalla,Jaipur
2013,Ishanvi Rao,Chennai
2014,Nachiket Chahal,Nagpur
2015,Daksha Lal,Surat
2016,Charvi Chander,Hyderabad
2017,Yashica Oommen,Lucknow
2018,Amara Krishnan,Surat
2019,Faris Srivastava,Bangalore
2020,Sai Date,Ahmedabad
2021,Warinder Jain,Lucknow
2022,Aarnav Ganguly,Delhi
2023,Bhavika Gaba,Kolkata
2024,Ikshita Sood,Lucknow
2025,Tanmayi Contractor,Bhopal
2026,Mohini Chhabra,Bangalore
2027,Bhavna Khurana,Thane
2028,Ethan Comar,Chennai
2029,Ekantika Saraf,Delhi
2030,Panini Balakrishnan,Lucknow
2031,Hemangini Ravel,Thane
2032,Samar Hora,Kolkata
2033,Ayushman Krish,Thane
2034,Jason Goswami,Thane
2035,Urishilla Kohli,Bhopal
2036,Girish Banerjee,Jaipur
2037,Kamala Sami,Chennai
2038,Kevin Boase,Nagpur
2039,Vincent Nori,Pune
2040,Upkaar Butala,Jaipur
2041,Gagan Pandey,Indore
2042,Hemani Krishnan,Ahmedabad
2043,Ranveer Bhatti,Ahmedabad
2044,Yauvani Mani,Hyderabad
2045,Jagvi Deep,Bangalore
2046,Vritti Devan,Delhi
2047,Rohan Srinivas,Kolkata
2048,Bahadurjit Jaggi,Ahmedabad
2049,Gabriel Butala,Kolkata
2050,Harini Toor,Nagpur
2051,Nathaniel Salvi,Pune
2052,Bachittar Munshi,Ahmedabad
2053,Gavin Pingle,Bhopal
2054,Keya Hegde,Noida
2055,Utkarsh Lalla,Bhopal
2056,Omya Bhakta,Bhopal
2057,Zayan Chakraborty,Lucknow
2058,Yadavi Reddy,Noida
2059,Zayyan Bansal,Indore
2060,Zehaan Chokshi,Kolkata
2061,Janaki Tara,Mumbai
2062,Charita Murty,Noida
2063,Umang Muni,Bhopal
2064,Meghana Venkataraman,Chennai
2065,Rayaan Nanda,Indore
2066,Pooja Mitter,Kolkata
2067,Ekaja Dhingra,Bhopal
2068,Wishi Deol,Mumbai
2069,Charvi Bhat,Surat
2070,Turvi Goswami,Bangalore
2071,Janaki Dada,Thane
2072,Veer Acharya,Bangalore
2073,Urishilla Madan,Noida
2074,Nakul Pradhan,Delhi
2075,Advaith Singhal,Nagpur
2076,Vincent Vig,Noida
2077,Nachiket Rajagopal,Hyderabad
2078,Varsha Golla,Surat
2079,Advaith Srinivasan,Delhi
2080,Charvi Saraf,Delhi
2081,Ekaja Arora,Hyderabad
2082,Bhavya Randhawa,Kolkata
2083,Barkha Saha,Jaipur
2084,Geetika Issac,Mumbai
2085,Arjun Chana,Indore
2086,Advay Talwar,Thane
2087,Zinal Hans,Mumbai
2088,Luke Sekhon,Noida
2089,Ikshita Bhakta,Pune
2090,Osha Dubey,Bangalore
2091,Alka Peri,Nagpur
2092,Osha Dalal,Ahmedabad
2093,Omisha Sachdeva,Pune
2094,Yuvraj Chatterjee,Lucknow
2095,Saumya Majumdar,Hyderabad
2096,Vasatika Natarajan,Chennai
2097,Nilima Biswas,Mumbai
2098,Viraj Sachdeva,Jaipur
2099,Harrison More,Bangalore
2100,Ekantika Borra,Pune
2101,Veer Sami,Delhi
2102,Advika Koshy,Bangalore
2103,Amara Sibal,Noida
2104,Yachana Sahni,Ahmedabad
2105,Rachit Lata,Thane
2106,Ekiya Sanghvi,Surat
2107,Fariq Lad,Bangalore
2108,Warhi Memon,Jaipur
2109,Zinal Hari,Noida
2110,Leela Golla,Thane
2111,Shivani Wadhwa,Indore
2112,Riya De,Kolkata
2113,Urvi Sha,Ahmedabad
2114,Sneha Ravi,Bhopal
2115,Vivaan Deep,Nagpur
2116,Abhimanyu Gupta,Nagpur
2117,Isha Sampath,Chennai
2118,Vasudha Kakar,Surat
2119,Laksh Manne,Jaipur
2120,Finn Kumer,Indore
2121,Hema Iyengar,Mumbai
2122,Gautami Om,Surat
2123,Yashawini Babu,Ahmedabad
2124,Omkaar Thaker,Surat
2125,Upma Venkatesh,Kolkata
2126,Ekiya Srivastava,Surat
2127,Manthan Khurana,Hyderabad
2128,Vansha Dash,Kolkata
2129,Tanay Kata,Thane
2130,Qushi Kohli,Delhi
2131,Daksh Gopal,Bangalore
2132,Balhaar Vala,Jaipur
2133,Frado Tiwari,Ahmedabad
2134,Oviya Taneja,Kolkata
2135,Jeet Tak,Noida
2136,Pranav Atwal,Nagpur
2137,Neelima Sibal,Surat
2138,Aahana Sant,Thane
2139,Ojasvi Khurana,Jaipur
2140,Praneel Barad,Delhi
2141,Ishani Mahal,Surat
2142,Anika Vyas,Pune
2143,Yashawini Jhaveri,Chennai
2144,Victor Yohannan,Mumbai
2145,Lekha Krishnamurthy,Kolkata
2146,Mahika Atwal,Surat
2147,Tanmayi Chanda,Bangalore
2148,Isaiah Kashyap,Lucknow
2149,Matthew Dave,Pune
2150,Yash Sur,Bhopal
2151,Mugdha Baria,Surat
2152,Chaitanya Agrawal,Indore
2153,Dayamai Kumar,Thane
2154,Sarthak Kalita,Jaipur
2155,Jai Khanna,Surat
2156,Wazir Pillai,Pune
2157,Chatresh Misra,Bhopal
2158,Gaurang Sinha,Ahmedabad
2159,Siddharth Bhandari,Delhi
2160,Zansi Ramakrishnan,Thane
2161,Manbir Kulkarni,Bhopal
2162,Ryan Basak,Noida
2163,Indrajit Madan,Thane
2164,Leena Pal,Noida
2165,Chaman Agate,Mumbai
2166,Chandran Ramesh,Pune
2167,Ojas Mohanty,Bangalore
2168,Joshua Atwal,Bhopal
2169,Amol Seth,Kolkata
2170,Qabil Golla,Mumbai
2171,Pallavi Joshi,Mumbai
2172,Janya Bedi,Bangalore
2173,Reva Konda,Kolkata
2174,Quincy Gara,Hyderabad
2175,Udarsh Vora,Surat
2176,Manan Contractor,Pune
2177,Ekta Bir,Bhopal
2178,Simon Dutta,Nagpur
2179,Nitesh Venkataraman,Kolkata
2180,Bhavya Bajaj,Bangalore
2181,Atharv Sarkar,Jaipur
2182,Isha Jaggi,Pune
2183,Yachana Bajwa,Jaipur
2184,Alexander Nagar,Bhopal
2185,Nicholas Pathak,Thane
2186,Madhavi Joshi,Pune
2187,Shivansh Dey,Bangalore
2188,Krisha Ram,Indore
2189,Sai Iyer,Indore
2190,Yutika Mangat,Pune
2191,Ucchal Lata,Mumbai
2192,Saanvi Bakshi,Surat
2193,Qabil Krishnan,Indore
2194,Urvashi Mittal,Lucknow
2195,Neelima Varty,Mumbai
2196,Falak Dhawan,Pune
2197,Falan Keer,Surat
2198,Vritti Sha,Surat
2199,Chaman Nath,Thane
2200,Max Mandal,Thane
2201,Azad Rajagopalan,Ahmedabad
2202,Matthew Uppal,Noida
2203,Pushti Singh,Jaipur
2204,Samarth Ravi,Surat
2205,Ranbir Som,Pune
2206,Karan Zachariah,Chennai
2207,Vanya Vaidya,Indore
2208,Brinda Wadhwa,Ahmedabad
2209,Aditya Gola,Thane
2210,Nisha Borde,Delhi
2211,Anya Koshy,Indore
2212,Ekbal Thaman,Bangalore
2213,Chavvi Khalsa,Ahmedabad
2214,Nidra Choudhary,Hyderabad
2215,Kevin Choudhry,Chennai
2216,Hiral Ahuja,Pune
2217,Udarsh Bhat,Hyderabad
2218,Liam Borra,Chennai
2219,Girik Madan,Bhopal
2220,Nihal Atwal,Nagpur
2221,Krishna Desai,Indore
2222,Kabir Hegde,Thane
2223,Ishwar Sarin,Delhi
2224,Yashasvi Hayer,Delhi
2225,Anay Jani,Thane
2226,Manan Kalla,Ahmedabad
2227,Girish Savant,Chennai
2228,Ishwar Sule,Pune
2229,Henry Sahota,Bhopal
2230,Falan Chaudhary,Bangalore
2231,Madhav Murty,Hyderabad
2232,Jai Mani,Lucknow
2233,Rayaan Jayaraman,Delhi
2234,Tanvi Patel,Kolkata
2235,Advaith Boase,Ahmedabad
2236,Gavin Banerjee,Bhopal
2237,Ganga Gola,Delhi
2238,Radhika Chatterjee,Chennai
2239,Ira Dugal,Jaipur
2240,Charvi De,Hyderabad
2241,Lajita Garg,Pune
2242,Damini Mallick,Mumbai
2243,Fariq Lanka,Jaipur
2244,Udyati Mann,Surat
2245,Damini Mangat,Hyderabad
2246,Charvi Borah,Pune
2247,Abha Murthy,Indore
2248,Isha Nair,Bangalore
2249,Oeshi Ravel,Bangalore
2250,Rehaan Balakrishnan,Ahmedabad
2251,Ranveer Kapoor,Thane
2252,Maya Dave,Bangalore
2253,Manthan Behl,Kolkata
2254,Ekaja Mallick,Bhopal
2255,Chandran Virk,Delhi
2256,Indira Rastogi,Hyderabad
2257,Udarsh Rattan,Indore
2258,Parth Koshy,Bhopal
2259,Arya Raval,Bangalore
2260,Noah Kakar,Indore
2261,Zinal Basak,Nagpur
2262,Joshua Chaudhry,Ahmedabad
2263,Leela Sood,Chennai
2264,Rachit Naidu,Kolkata
2265,Hardik Ahluwalia,Indore
2266,Gautam Shenoy,Thane
2267,Jack Joshi,Delhi
2268,Ekapad Master,Lucknow
2269,Chandani Chandra,Thane
2270,Hema Mann,Pune
2271,Samuel Hora,Pune
2272,Triveni Dhillon,Noida
2273,Aishani Peri,Chennai
2274,Girish Patla,Mumbai
2275,Shivani Bhasin,Noida
2276,Wyatt Sankaran,Jaipur
2277,Jagrati Deo,Chennai
2278,Laban Narayanan,Lucknow
2279,Ubika Mangal,Nagpur
2280,Zehaan Soni,Indore
2281,Ekaraj Sachdev,Noida
2282,Nikita Mani,Lucknow
2283,Jonathan Chad,Kolkata
2284,Abdul Raj,Hyderabad
2285,Vihaan Vohra,Nagpur
2286,Aarna Badami,Pune
2287,Ekantika Sangha,Nagpur
2288,Darsh Nagy,Pune
2289,Vanya Wagle,Chennai
2290,Kritika Brar,Hyderabad
2291,Vinaya Biswas,Ahmedabad
2292,Zansi Sagar,Kolkata
2293,Mason Minhas,Noida
2294,Saumya Dash,Bhopal
2295,Yashica Grover,Indore
2296,Alexander Chaudhari,Delhi
2297,Azad Chhabra,Indore
2298,Diya Tara,Thane
2299,Saanvi Peri,Noida
2300,Lopa Subramaniam,Nagpur
2301,Yashoda Dayal,Hyderabad
2302,Banjeet Deo,Thane
2303,Sara Brahmbhatt,Chennai
2304,Oeshi Bansal,Mumbai
2305,Zashil Ganesan,Bangalore
2306,Odika Talwar,Nagpur
2307,Tanveer Magar,Ahmedabad
2308,Yoshita Kar,Thane
2309,Qasim Chaudhry,Lucknow
2310,Baljiwan Gour,Indore
2311,Udarsh Krishnan,Chennai
2312,Tanish Karnik,Delhi
2313,Sachi Goyal,Mumbai
2314,Orinder Narayanan,Noida
2315,Dhriti Rau,Kolkata
2316,Sai Morar,Noida
2317,Aashi Naik,Noida
2318,Jeet Warrior,Pune
2319,Lajita Gour,Bangalore
2320,Teerth Oak,Indore
2321,Christopher Viswanathan,Mumbai
2322,Vansha Handa,Noida
2323,Dipta Tandon,Chennai
2324,Tanish Ray,Delhi
2325,Darika Ahluwalia,Nagpur
2326,Yashodhara Ravi,Noida
2327,Leena Gour,Chennai
2328,Advik Dani,Bhopal
2329,Charvi Krish,Kolkata
2330,Zilmil Sethi,Chennai
2331,Anjali Apte,Chennai
2332,Faraj Bala,Lucknow
2333,Amol Bandi,Delhi
2334,Varsha Goda,Delhi
2335,Anthony Ganguly,Kolkata
2336,Jonathan Palla,Lucknow
2337,Baljiwan Barad,Thane
2338,Nakul Mann,Thane
2339,Chakrika Batra,Nagpur
2340,Triya Ramakrishnan,Hyderabad
2341,Gaurang Varughese,Jaipur
2342,Omkaar Jani,Delhi
2343,Nihal Doshi,Lucknow
2344,Unnati Bhandari,Thane
2345,Eshana Ray,Nagpur
2346,Nihal Bassi,Indore
2347,Kai Mistry,Surat
2348,Frederick Toor,Thane
2349,Oeshi Sharaf,Mumbai
2350,Viraj Deo,Mumbai
2351,Irya Aggarwal,Indore
2352,Shravya Basu,Kolkata
2353,Zayan Kalita,Mumbai
2354,Harrison Mangal,Mumbai
2355,Hitesh Lalla,Bangalore
2356,Aditya Goda,Kolkata
2357,Saumya Barad,Indore
2358,Benjamin Singhal,Noida
2359,Anmol Parmar,Delhi
2360,Odika Prabhu,Delhi
2361,Chavvi Tella,Kolkata
2362,Samesh Bhatti,Kolkata
2363,Caleb Majumdar,Pune
2364,Zehaan Munshi,Hyderabad
2365,Kiaan Shenoy,Hyderabad
2366,Nimrat Choudhry,Pune
2367,Fiyaz Sawhney,Chennai
2368,Nakul Cheema,Bhopal
2369,Max Desai,Bhopal
2370,Jason Seth,Noida
2371,Urishilla Parikh,Indore
2372,Banjeet Shankar,Noida
2373,Qushi Chaudry,Indore
2374,Logan Malhotra,Chennai
2375,Gautami Shan,Delhi
2376,Ekavir Nair,Noida
2377,Indrajit Kakar,Pune
2378,Ridhi Agrawal,Jaipur
2379,Brinda Sampath,Pune
2380,Gautam Khurana,Surat
2381,Anay Sem,Delhi
2382,Ryan Kari,Bangalore
2383,Jagvi Shere,Delhi
2384,Pratyush Srinivasan,Jaipur
2385,Manthan Acharya,Ahmedabad
2386,Gautam Dada,Thane
2387,Anamika Hegde,Surat
2388,Falak Sami,Noida
2389,Ekalinga Ratti,Ahmedabad
2390,Aashi Yadav,Chennai
2391,Manan Buch,Pune
2392,Krisha Ramakrishnan,Chennai
2393,Girindra Dhillon,Kolkata
2394,Chakradhar Mani,Ahmedabad
2395,Keya Chandran,Pune
2396,Theodore Dara,Ahmedabad
2397,Dipta Narang,Nagpur
2398,Aadhya Yadav,Chennai
2399,Watika Basu,Surat
2400,Reva Mukhopadhyay,Hyderabad
2401,Lopa Dube,Chennai
2402,Gaurangi Venkatesh,Hyderabad
2403,Champak Dhar,Noida
2404,Vincent Grewal,Surat
2405,Dalbir Kanda,Lucknow
2406,Quincy Devi,Nagpur
2407,Nidra Narasimhan,Pune
2408,Eiravati Sawhney,Chennai
2409,Gunbir Babu,Chennai
2410,Mugdha Bumb,Ahmedabad
2411,Bachittar Seshadri,Jaipur
2412,Tamanna Sha,Indore
2413,Chavvi Rout,Jaipur
2414,Ayushman Dua,Nagpur
2415,Kavya Chauhan,Mumbai
2416,Onkar Hegde,Lucknow
2417,Bhavani Dhawan,Bhopal
2418,Sathvik Gour,Indore
2419,Harshil Kothari,Kolkata
2420,Yash Devan,Indore
2421,Guneet Sangha,Kolkata
2422,Harish Chhabra,Delhi
2423,Vivaan Gokhale,Jaipur
2424,Patrick Raju,Ahmedabad
2425,Vritti Setty,Mumbai
2426,Rehaan Sahota,Jaipur
2427,Sneha Vyas,Lucknow
2428,Chaitanya Mahal,Bhopal
2429,Vinaya Iyer,Delhi
2430,Akshay Kanda,Hyderabad
2431,Naveen Dugal,Hyderabad
2432,Qabil Nagy,Thane
2433,Pranav Thakur,Bangalore
2434,Samar Kohli,Chennai
2435,Joshua Deo,Lucknow
2436,Jeremiah Varma,Pune
2437,Harsh Kade,Bangalore
2438,Ekani Gola,Delhi
2439,Isaiah Minhas,Nagpur
2440,Jagrati Bakshi,Bangalore
2441,Shravya Nagy,Delhi
2442,Chavvi Zacharia,Chennai
2443,Wishi Tella,Ahmedabad
2444,Nathaniel Mallick,Bhopal
2445,Vivaan Karpe,Nagpur
2446,Maya Jain,Chennai
2447,Krishna Bhasin,Nagpur
2448,Kavya Zachariah,Chennai
2449,Simon Raju,Nagpur
2450,Yashica Luthra,Jaipur
2451,Pavani Morar,Bangalore
2452,Dhruv Som,Bhopal
2453,Darsh Prakash,Jaipur
2454,Rachana Bhatt,Indore
2455,Vinaya Sen,Delhi
2456,Zashil Deo,Thane
2457,Yatin Kalita,Lucknow
2458,Dev Loke,Indore
2459,Oliver Chandra,Chennai
2460,Nisha Parmer,Bangalore
2461,Onkar Reddy,Indore
2462,Farhan Om,Bangalore
2463,Gautami Deol,Pune
2464,Ishani Narang,Indore
2465,Dhriti Khosla,Thane
2466,Farhan Sachdeva,Thane
2467,Pallavi Garde,Hyderabad
2468,Madhav Ben,Kolkata
2469,Forum Yohannan,Hyderabad
2470,Vamakshi Pau,Mumbai
2471,Aashi Madan,Kolkata
2472,Jyoti Purohit,Delhi
2473,Balveer Narasimhan,Jaipur
2474,Zayyan Mohanty,Hyderabad
2475,Chandani Banik,Jaipur
2476,Aadi Bhat,Indore
2477,Gagan Kapadia,Delhi
2478,Leena Bhalla,Nagpur
2479,Mahika Sibal,Thane
2480,Shaurya Seshadri,Surat
2481,Tamanna Gill,Bhopal
2482,Charles Menon,Nagpur
2483,Libni Mittal,Indore
2484,Pooja Narasimhan,Bhopal
2485,Andrew Dutt,Lucknow
2486,Zayyan Rout,Jaipur
2487,Mason Bhargava,Delhi
2488,Aditya Sehgal,Lucknow
2489,Oliver Dey,Bangalore
2490,Balvan Narasimhan,Indore
2491,Upadhriti Mannan,Nagpur
2492,Damini Ray,Delhi
2493,Bhavika Bath,Nagpur
2494,Warda Savant,Indore
2495,Prisha Gulati,Kolkata
2496,Ekapad Ranganathan,Hyderabad
2497,Manthan Handa,Thane
2498,Urishilla Suri,Jaipur
2499,Ekapad Upadhyay,Bhopal
2500,Siddharth Badal,Chennai
2501,Arya Luthra,Chennai
2502,Damini Dube,Jaipur
2503,Caleb Toor,Bhopal
2504,Anthony Dhillon,Pune
2505,Triya Sankar,Hyderabad
2506,Oeshi Narula,Bhopal
2507,Ekansh Lanka,Lucknow
2508,Bachittar Sura,Lucknow
2509,Patrick Venkatesh,Bhopal
2510,Amruta Wable,Ahmedabad
2511,Karan Deo,Bangalore
2512,Darika Tella,Jaipur
2513,Osha Kuruvilla,Bhopal
2514,Indira Seth,Noida
2515,Omisha Barad,Ahmedabad
2516,Anay Arya,Chennai
2517,Kritika Zacharia,Thane
2518,Samar Swaminathan,Kolkata
2519,Ekanta Sangha,Mumbai
2520,Vanya Thaker,Bangalore
2521,Nathan Mukherjee,Noida
2522,Anvi Behl,Noida
2523,Zaid Iyengar,Noida
2524,Divya Bora,Noida
2525,Balendra Om,Hyderabad
2526,Jeremiah Raju,Hyderabad
2527,Jasmit Dua,Pune
2528,Urishilla Sama,Bhopal
2529,Bhavya Palla,Chennai
2530,Devansh Bail,Nagpur
2531,Ayush Shere,Kolkata
2532,Advay Shenoy,Jaipur
2533,Nathaniel Oak,Ahmedabad
2534,Fiyaz Devi,Thane
2535,Tanish Sunder,Kolkata
2536,Jack Dugar,Chennai
2537,Ekavir Mane,Thane
2538,Anvi Balan,Delhi
2539,Harsh Deol,Noida
2540,Avi Sridhar,Bangalore
2541,Kamya Hari,Pune
2542,Radhika Narayanan,Ahmedabad
2543,Libni Prakash,Hyderabad
2544,Udarsh De,Pune
2545,Siddharth Banerjee,Indore
2546,Saumya Taneja,Mumbai
2547,Anamika Bhat,Chennai
2548,Darsh Agarwal,Pune
2549,Advay Bali,Ahmedabad
2550,Urvashi Seth,Bhopal
2551,Harish Raja,Nagpur
2552,Maanav Ahuja,Pune
2553,Jairaj De,Bhopal
2554,Eta Ghosh,Surat
2555,Fariq Basak,Bhopal
2556,Suhani Varughese,Hyderabad
2557,Zayyan Khatri,Nagpur
2558,Anjali Baral,Thane
2559,Yachana De,Thane
2560,Nitesh Rana,Indore
2561,Unni Tak,Thane
2562,Anika Pillai,Ahmedabad
2563,Chanakya Parekh,Kolkata
2564,Maanav Ravel,Chennai
2565,Tamanna Salvi,Kolkata
2566,Yochana Dhaliwal,Indore
2567,Darpan Kalla,Jaipur
2568,Suhani Kibe,Mumbai
2569,Kevin Bera,Chennai
2570,Praneel Kakar,Bhopal
2571,Shivansh Rastogi,Chennai
2572,Samaksh Mani,Pune
2573,Sarthak Konda,Pune
2574,Udyati Tripathi,Chennai
2575,Charita Chaudhuri,Chennai
2576,Omisha Rai,Bangalore
2577,Lipika Borra,Delhi
2578,Chandani Mammen,Pune
2579,Veda Rajagopalan,Mumbai
2580,Vinaya Mane,Noida
2581,Onkar Subramaniam,Hyderabad
2582,Manthan Wali,Mumbai
2583,Brinda Edwin,Chennai
2584,Wriddhish Ramanathan,Kolkata
2585,Gaurang Datta,Delhi
2586,Aayush Shukla,Delhi
2587,Atharv Tripathi,Indore
2588,Fitan Mody,Bhopal
2589,Tanish Batta,Jaipur
2590,Adweta Ram,Bhopal
2591,Megha Bhardwaj,Noida
2592,George Thakkar,Pune
2593,Mason Bansal,Pune
2594,Eshana Varty,Noida
2595,Nidhi Dara,Thane
2596,Dhriti Chada,Kolkata
2597,Owen Sem,Nagpur
2598,Darika Choudhury,Indore
2599,Chanakya Balay,Kolkata
2600,Nicholas Parmar,Kolkata
2601,Ekani Prasad,Lucknow
2602,Atharv Badami,Pune
2603,Tanvi Kala,Indore
2604,Azad Narain,Chennai
2605,Vincent Thaker,Mumbai
2606,Joshua Murthy,Kolkata
2607,Kamala Dugar,Bangalore
2608,Neel Dua,Lucknow
2609,Ranveer Mistry,Delhi
2610,Turvi Tripathi,Thane
2611,Ranbir Dube,Indore
2612,Harish Guha,Surat
2613,Ansh Saha,Indore
2614,Vasatika Behl,Hyderabad
2615,Zashil Bhargava,Bhopal
2616,Luke Tripathi,Indore
2617,Arin Gill,Pune
2618,Yashvi Setty,Noida
2619,Avi Barman,Bhopal
2620,Forum Barad,Bhopal
2621,Anay Chakrabarti,Kolkata
2622,Gaurangi Ranganathan,Kolkata
2623,Udyati Contractor,Pune
2624,Christopher Ramesh,Pune
2625,Vrishti Arora,Chennai
2626,Oeshi Bajaj,Indore
2627,Noah Sarkar,Kolkata
2628,Jackson Mandal,Surat
2629,Chaaya Mukherjee,Delhi
2630,Yatan Swamy,Bangalore
2631,Upma Sanghvi,Delhi
2632,Jeremiah Raj,Thane
2633,Falan Uppal,Hyderabad
2634,Sara Kadakia,Lucknow
2635,Oviya Arora,Kolkata
2636,Varsha Bajaj,Bangalore
2637,Yatan Raghavan,Hyderabad
2638,Mitali Singhal,Bangalore
2639,Bhavika Borah,Bangalore
2640,Vedhika Sidhu,Mumbai
2641,Saanvi Sanghvi,Kolkata
2642,Arya Krishnan,Surat
2643,Arjun Dyal,Bangalore
2644,Pranit Mukherjee,Mumbai
2645,Quincy Yohannan,Mumbai
2646,Gavin Chandra,Mumbai
2647,Logan Lanka,Lucknow
2648,Siddharth Mane,Hyderabad
2649,Hritik Korpal,Surat
2650,Kritika Trivedi,Hyderabad
2651,Abhimanyu Narain,Bhopal
2652,Lajita Sankar,Nagpur
2653,Pratyush Babu,Thane
2654,Raksha Singhal,Bangalore
2655,Yatan Garde,Lucknow
2656,Daksh Bose,Kolkata
2657,Aryan Keer,Noida
2658,Vrinda Tandon,Lucknow
2659,Qadim Gour,Chennai
2660,Nathaniel Nori,Jaipur
2661,Guneet Mukherjee,Jaipur
2662,Ojas Acharya,Jaipur
2663,Aadhya Bhavsar,Delhi
2664,Kevin Kar,Chennai
2665,Azad Sami,Thane
2666,Dhriti Mohan,Delhi
2667,Nimrat Gour,Hyderabad
2668,Ronith D’Alia,Thane
2669,Ekapad Khurana,Nagpur
2670,Pooja Dhar,Pune
2671,Dayamai Tak,Nagpur
2672,Brinda Brahmbhatt,Delhi
2673,Chasmum Wali,Kolkata
2674,Keya Balay,Ahmedabad
2675,Abhimanyu Vig,Surat
2676,Girindra Apte,Hyderabad
2677,Rohan Modi,Kolkata
2678,Balhaar Narayan,Nagpur
2679,Nachiket Doctor,Hyderabad
2680,Victor Krishnamurthy,Surat
2681,David Choudhary,Thane
2682,Damini Aggarwal,Nagpur
2683,Benjamin Chand,Lucknow
2684,Manbir Nori,Jaipur
2685,Kavya Balay,Bangalore
2686,Urmi Viswanathan,Hyderabad
2687,Victor Bumb,Ahmedabad
2688,Dakshesh Amble,Indore
2689,Siddharth Sampath,Bangalore
2690,Ekapad Sekhon,Pune
2691,Warda Sengupta,Delhi
2692,Janaki Raja,Bhopal
2693,Thomas Gupta,Ahmedabad
2694,Lucky Nagar,Bhopal
2695,Warinder Walia,Bhopal
2696,Champak Andra,Kolkata
2697,Ekbal Pathak,Lucknow
2698,Chatura Bhatti,Bangalore
2699,Siya Gole,Jaipur
2700,Hemal Khatri,Kolkata
2701,Sanaya Kurian,Noida
2702,Elijah Savant,Hyderabad
2703,Xavier Cheema,Jaipur
2704,Ekanta Manda,Indore
2705,Yug Mitter,Bhopal
2706,Dipta Rattan,Pune
2707,Dalbir Hari,Hyderabad
2708,Harish Tailor,Lucknow
2709,Maanav Modi,Hyderabad
2710,Abha Deol,Ahmedabad
2711,Bhavika Ghosh,Bhopal
2712,Aayush Lad,Hyderabad
2713,Chandran Venkataraman,Ahmedabad
2714,Chavvi Anne,Bhopal
2715,Ekanta Singh,Jaipur
2716,Chanakya Chandran,Chennai
2717,Kamya Lata,Mumbai
2718,Kabir Ganesh,Bhopal
2719,Ranveer Sood,Ahmedabad
2720,Varsha Mammen,Lucknow
2721,Unnati Char,Pune
2722,Thomas Bhagat,Thane
2723,Ayush Bhasin,Bhopal
2724,Dakshesh Gill,Kolkata
2725,Varsha Bhavsar,Thane
2726,Anirudh Edwin,Jaipur
2727,Dhruv Bera,Noida
2728,Krisha Sura,Chennai
2729,Ekalinga Issac,Noida
2730,Raksha Krish,Mumbai
2731,Vritti Pandey,Pune
2732,Siya Sinha,Noida
2733,Yauvani Dubey,Mumbai
2734,Mahika Minhas,Pune
2735,Pavani Kannan,Mumbai
2736,Lucky Bhatti,Bangalore
2737,Mugdha Korpal,Delhi
2738,Onveer Sen,Delhi
2739,Mitali Prakash,Ahmedabad
2740,Rishi Garde,Delhi
2741,Xalak Chahal,Hyderabad
2742,Ganga Karpe,Jaipur
2743,Warjas Vaidya,Surat
2744,Gaurav Dash,Jaipur
2745,Maya Mital,Hyderabad
2746,Ojas Raval,Bangalore
2747,Nisha Madan,Chennai
2748,Sanya Chokshi,Lucknow
2749,Siddharth Raj,Indore
2750,Wyatt Saxena,Bangalore
2751,Raagini Rai,Indore
2752,Veda Basu,Pune
2753,Yamini Kannan,Lucknow
2754,Frado Tiwari,Lucknow
2755,Zayan Bhavsar,Indore
2756,Viraj Chadha,Bangalore
2757,Sathvik Bhardwaj,Mumbai
2758,Vanya Upadhyay,Jaipur
2759,Theodore Mahajan,Kolkata
2760,Zinal Andra,Surat
2761,Gaurika Radhakrishnan,Pune
2762,Jasmit Butala,Nagpur
2763,Farhan Gola,Surat
2764,Parth Munshi,Bhopal
2765,Ekanta Saran,Thane
2766,Owen Oommen,Lucknow
2767,Onveer Oza,Pune
2768,Kashish Panchal,Bangalore
2769,Unnati Halder,Thane
2770,Hemang Ghose,Lucknow
2771,Noah Mutti,Indore
2772,Libni Varghese,Pune
2773,Charles Varkey,Nagpur
2774,Ubika Modi,Thane
2775,Unni Bhagat,Pune
2776,Isha Krish,Jaipur
2777,Faris Verma,Delhi
2778,Isha Datta,Nagpur
2779,Advika Walla,Kolkata
2780,Advika Solanki,Nagpur
2781,Charan Natt,Pune
2782,Jai Sengupta,Pune
2783,Damyanti Dara,Jaipur
2784,Ojasvi Koshy,Jaipur
2785,Veer Acharya,Kolkata
2786,Radha Khatri,Jaipur
2787,Vasudha De,Delhi
2788,Onveer Divan,Pune
2789,Tejas Rana,Bangalore
2790,Tanay Dada,Indore
2791,Sarthak Nadig,Lucknow
2792,Bhanumati Nagi,Mumbai
2793,Hritik Sachar,Mumbai
2794,Neelima Jha,Delhi
2795,Netra Chandran,Mumbai
2796,Anamika Dar,Kolkata
2797,Sathvik Verma,Lucknow
2798,Henry Gopal,Chennai
2799,Shivansh Pal,Indore
2800,Tamanna Balan,Surat
2801,Urmi Kashyap,Pune
2802,Balveer Char,Delhi
2803,Aarav Kumar,Hyderabad
2804,Nihal Setty,Bhopal
2805,Girish Garg,Indore
2806,Vanya Nagarajan,Hyderabad
2807,Sara Comar,Nagpur
2808,Samuel Borde,Mumbai
2809,Amol Nanda,Nagpur
2810,Ekiya Dada,Ahmedabad
2811,Manthan Mann,Pune
2812,Ishanvi Banik,Bangalore
2813,Mekhala Sundaram,Hyderabad
2814,Karan Vig,Delhi
2815,Hema Buch,Chennai
2816,Ayaan Kade,Surat
2817,Jagdish Sur,Indore
2818,Thomas Korpal,Nagpur
2819,Nimrat Nagar,Nagpur
2820,Samarth Agrawal,Kolkata
2821,Girish Tank,Hyderabad
2822,Chaitaly Chahal,Noida
2823,Divya Suresh,Mumbai
2824,Wishi Pingle,Ahmedabad
2825,Manya Borde,Pune
2826,Janaki Gupta,Thane
2827,Vasana Sani,Jaipur
2828,Sara Bhandari,Kolkata
2829,Xavier Vora,Ahmedabad
2830,Nidra Dugar,Surat
2831,Charvi Mandal,Thane
2832,Anya Ranganathan,Chennai
2833,Niharika Khosla,Indore
2834,Lakshit Golla,Bhopal
2835,Utkarsh Balay,Nagpur
2836,Hitesh Sanghvi,Chennai
2837,Ayaan Jaggi,Hyderabad
2838,Rayaan Majumdar,Noida
2839,Abdul Dhar,Bhopal
2840,Robert Banik,Thane
2841,Falguni Prabhu,Pune
2842,Pooja Bhakta,Pune
2843,Pallavi Srinivas,Nagpur
2844,Fitan Subramanian,Surat
2845,Nikita Gulati,Bhopal
2846,Harsh Char,Nagpur
2847,Om Gokhale,Kolkata
2848,Qasim Varughese,Mumbai
2849,Fiyaz Sarin,Chennai
2850,Onveer Wali,Thane
2851,Dalbir Raval,Ahmedabad
2852,Radha Kapadia,Kolkata
2853,Jonathan Deshmukh,Nagpur
2854,Hardik Hari,Jaipur
2855,Pallavi Mani,Hyderabad
2856,Tripti Shere,Chennai
2857,Falak Murthy,Indore
2858,Warda Acharya,Noida
2859,Charvi Walla,Lucknow
2860,Gavin Bora,Ahmedabad
2861,Vrishti Loke,Pune
2862,Vedhika Bala,Surat
2863,Madhav Dua,Mumbai
2864,Amara Kashyap,Hyderabad
2865,Ekaraj Chandra,Surat
2866,Leena Kar,Bangalore
2867,Brijesh Kade,Bhopal
2868,Yashawini Shroff,Indore
2869,Viraj Rajagopal,Indore
2870,Chandani Chahal,Chennai
2871,Lopa Narang,Indore
2872,Harsh Ghosh,Indore
2873,Vrinda Mohan,Kolkata
2874,Jhalak Banik,Nagpur
2875,Orinder Kapoor,Kolkata
2876,Praneel Chand,Jaipur
2877,Krishna Anne,Surat
2878,Vrishti Raj,Pune
2879,Jagdish Hans,Ahmedabad
2880,Manbir Shanker,Kolkata
2881,Viraj Behl,Surat
2882,Nidhi Choudhry,Jaipur
2883,Chakradhar Narayan,Hyderabad
2884,Tristan Raj,Lucknow
2885,Upasna Tata,Chennai
2886,Geetika Ben,Noida
2887,Bhavini Sharaf,Noida
2888,Elijah Bawa,Noida
2889,Charita Luthra,Kolkata
2890,Zaid Mani,Thane
2891,Aishani Datta,Chennai
2892,Megha Peri,Indore
2893,Shivansh Kanda,Noida
2894,Ekaja Rout,Indore
2895,Hemang Dass,Thane
2896,Rishi Halder,Chennai
2897,Charan Saini,Surat
2898,Udant Pathak,Hyderabad
2899,Imaran Jain,Indore
2900,Hamsini Patil,Hyderabad
2901,Jyoti Sunder,Bangalore
2902,Indira Gara,Delhi
2903,Yashasvi Dayal,Lucknow
2904,Falguni Palan,Jaipur
2905,Ekantika Vora,Noida
2906,Sarthak Virk,Thane
2907,Frado Mangat,Jaipur
2908,Tripti Om,Delhi
2909,Jack Aurora,Bhopal
2910,Jason Saraf,Delhi
2911,Yachana Edwin,Pune
2912,Krisha Kale,Bhopal
2913,Arin Babu,Indore
2914,Kevin Khatri,Chennai
2915,Zehaan Dewan,Kolkata
2916,Vansha Lad,Thane
2917,Alka Manne,Bangalore
2918,Fiyaz Subramanian,Bangalore
2919,Aryan Shanker,Chennai
2920,Nathan Kar,Mumbai
2921,Saanvi Saha,Noida
2922,Ansh Acharya,Bhopal
2923,Devansh Pai,Delhi
2924,Damyanti Mittal,Pune
2925,Unnati Sem,Jaipur
2926,Vasana Nair,Lucknow
2927,Sanaya Goyal,Mumbai
2928,Frederick Gupta,Surat
2929,Libni Sathe,Jaipur
2930,Indira Aggarwal,Thane
2931,Gaurangi Nayak,Pune
2932,Radhika Kala,Lucknow
2933,Girish Loke,Delhi
2934,Chasmum Bala,Bangalore
2935,Noah Palla,Pune
2936,Pushti Kulkarni,Noida
2937,Bhavika Chatterjee,Pune
2938,Damyanti Apte,Indore
2939,Turvi Vohra,Indore
2940,Hema Wali,Chennai
2941,Yatan Bail,Indore
2942,Mason Kothari,Noida
2943,Zinal Goda,Lucknow
2944,Suhani Tailor,Surat
2945,Abdul Saini,Kolkata
2946,Arya Pal,Mumbai
2947,Urishilla Tara,Chennai
2948,Udarsh Khatri,Lucknow
2949,Kritika Dar,Surat
2950,Hemang Jani,Pune
2951,Darsh Memon,Mumbai
2952,Chameli Badami,Thane
2953,Girindra Brahmbhatt,Kolkata
2954,Harita Mall,Chennai
2955,Charita Swamy,Mumbai
2956,Jagat Issac,Hyderabad
2957,Champak Mistry,Surat
2958,Charles Banik,Hyderabad
2959,Hritik Chahal,Kolkata
2960,Watika Din,Ahmedabad
2961,Yauvani Prasad,Jaipur
2962,Udant Modi,Indore
2963,Vrishti Tailor,Chennai
2964,Megha Mander,Jaipur
2965,Yashasvi Ghosh,Surat
2966,Chakrika Guha,Chennai
2967,Ikshita Naidu,Delhi
2968,Harini Bava,Mumbai
2969,Sathvik Raman,Surat
2970,Ekta Borde,Hyderabad
2971,Dayita Kala,Chennai
2972,Luke Ganguly,Hyderabad
2973,Advaith Bansal,Ahmedabad
2974,Anay Sehgal,Bhopal
2975,Rajeshri Sarin,Ahmedabad
2976,Upma Sha,Delhi
2977,Ucchal Salvi,Pune
2978,Gagan Buch,Bhopal
2979,Girik Sen,Ahmedabad
2980,Ojas Iyengar,Surat
2981,Abdul Iyengar,Ahmedabad
2982,Zashil Lata,Ahmedabad
2983,Imaran Seth,Hyderabad
2984,Ekansh Sandal,Lucknow
2985,David Krishnan,Surat
2986,Jasmit Solanki,Ahmedabad
2987,Gayathri Bajwa,Mumbai
2988,Amruta Dube,Delhi
2989,Jhalak Hayre,Bhopal
2990,Charles Krish,Delhi
2991,Vamakshi Srinivas,Nagpur
2992,Urvashi Nazareth,Lucknow
2993,Falguni Pant,Bangalore
2994,Azad Wadhwa,Thane
2995,Rehaan Iyengar,Bangalore
2996,Yug Kadakia,Delhi
2997,Udarsh Karpe,Pune
2998,Dayamai Buch,Indore
2999,Theodore Sharaf,Chennai
3000,Kamala Char,Bhopal
3001,Neha Parmar,Bhopal
3002,Balveer Kade,Delhi
3003,Adya Deo,Bhopal
3004,Niharika Doshi,Hyderabad
3005,Banjeet Rau,Indore
3006,Shivansh Anand,Jaipur
3007,Damyanti Bedi,Nagpur
3008,Frederick Salvi,Indore
3009,Shivansh Venkatesh,Delhi
3010,Anusha Bhalla,Hyderabad
3011,Ojasvi Kota,Surat
3012,Maanav Gade,Pune
3013,Joshua Venkatesh,Pune
3014,Lila Bath,Nagpur
3015,Anirudh Iyer,Hyderabad
3016,Riya Karpe,Nagpur
3017,Jairaj Jha,Jaipur
3018,Hamsini Buch,Mumbai
3019,Abeer Dalal,Jaipur
3020,Leela Bumb,Indore
3021,Nidhi Sama,Thane
3022,Rudra Kale,Delhi
3023,Adweta Ganguly,Kolkata
3024,Theodore Oza,Noida
3025,Reyansh Suri,Thane
3026,Tanvi Prabhu,Jaipur
3027,Pooja Khare,Thane
3028,Timothy Bhatnagar,Jaipur
3029,Darsh Dubey,Noida
3030,Thomas Vaidya,Delhi
3031,Dev Sekhon,Nagpur
3032,Madhav Ratti,Ahmedabad
3033,Manbir Dhar,Lucknow
3034,Zashil Johal,Lucknow
3035,Vedant Behl,Jaipur
3036,Gaurika Doshi,Chennai
3037,Zaitra Chakraborty,Jaipur
3038,Girish Soman,Thane
3039,Aryan Bhavsar,Hyderabad
3040,Chaitanya Shenoy,Noida
3041,Jagvi Panchal,Hyderabad
3042,Chandran Bhargava,Thane
3043,Sanaya Modi,Kolkata
3044,Kala Karan,Lucknow
3045,Ekansh Zacharia,Pune
3046,Ekaja Rajan,Jaipur
3047,Arjun Sarraf,Nagpur
3048,Dhruv Nagar,Jaipur
3049,Anthony Edwin,Jaipur
3050,Arya Bobal,Jaipur
3051,Isaiah Sankaran,Bangalore
3052,Reyansh Anand,Pune
3053,Pallavi Seshadri,Pune
3054,Samuel Guha,Nagpur
3055,Yadavi Aggarwal,Chennai
3056,Sai Agrawal,Bangalore
3057,Yamini Nazareth,Surat
3058,Anika Rajagopalan,Mumbai
3059,Nirja Bhagat,Hyderabad
3060,Ekalinga Deshmukh,Mumbai
3061,Girindra Raman,Bhopal
3062,Qabil Narayan,Bangalore
3063,Yatan Wali,Bangalore
3064,Viraj Kuruvilla,Jaipur
3065,Gauri Natt,Delhi
3066,Bhavani Soni,Bangalore
3067,Nidhi Tata,Hyderabad
3068,Orinder Misra,Delhi
3069,Wahab Thaker,Surat
3070,Zinal Jani,Mumbai
3071,Jalsa Gaba,Chennai
3072,Rajeshri Saran,Nagpur
3073,Jacob Chaudhry,Indore
3074,Abhimanyu Prasad,Thane
3075,Shaurya Borah,Indore
3076,Christopher Narayanan,Thane
3077,Unni Sani,Chennai
3078,Chandani Kala,Jaipur
3079,Girik Ramesh,Bhopal
3080,Vamakshi Brahmbhatt,Kolkata
3081,Gunbir Bhandari,Mumbai
3082,Ekaja Bumb,Delhi
3083,Wakeeta Raval,Pune
3084,Gayathri Gopal,Kolkata
3085,Shaurya Handa,Kolkata
3086,Gopal Varty,Surat
3087,Dev Walia,Mumbai
3088,Ekaraj Sarin,Nagpur
3089,Yadavi Yogi,Indore
3090,Amruta Narula,Lucknow
3091,Vivaan Sankaran,Hyderabad
3092,Oviya Mall,Nagpur
3093,Abdul Pant,Bangalore
3094,Eshana Gaba,Nagpur
3095,Abdul Mane,Chennai
3096,Rishi Pai,Jaipur
3097,Charan Chada,Mumbai
3098,Jyoti Tailor,Indore
3099,Madhav Date,Jaipur
3100,Gopal Swaminathan,Bangalore
3101,Harrison Sha,Surat
3102,Sarthak Malhotra,Surat
3103,Amaira Devan,Nagpur
3104,Amruta Deep,Bangalore
3105,Azad Nayak,Chennai
3106,Omkaar Bhatti,Lucknow
3107,Netra Sharma,Bangalore
3108,Thomas Dey,Chennai
3109,Abhiram Mishra,Kolkata
3110,Nilima Dhillon,Chennai
3111,Sai Din,Jaipur
3112,Reyansh Johal,Jaipur
3113,Janani Konda,Thane
3114,Wahab Balasubramanian,Nagpur
3115,Lavanya Walia,Pune
3116,Harsh Banik,Lucknow
3117,Lila Tandon,Mumbai
3118,Wahab Gade,Chennai
3119,Advay Khatri,Jaipur
3120,Nathan Dhingra,Noida
3121,Rajata Rajan,Chennai
3122,Aarini Sachdeva,Thane
3123,Ekta Prabhakar,Pune
3124,Ronith Rege,Hyderabad
3125,Jagat Hari,Mumbai
3126,Advaith Morar,Bangalore
3127,Amrita Srivastava,Kolkata
3128,Simon Sahni,Chennai
3129,Yachana Varma,Thane
3130,Jonathan Bahri,Jaipur
3131,Naksh Soman,Thane
3132,Bimala Bawa,Chennai
3133,Chaman Bora,Nagpur
3134,Pratyush Chaudhary,Pune
3135,Lohit Shankar,Pune
3136,Darsh Thakur,Ahmedabad
3137,Reva Prasad,Noida
3138,Hritik Shanker,Delhi
3139,Sarthak Peri,Thane
3140,Reva Singhal,Noida
3141,Aarnav Nagarajan,Jaipur
3142,Udant Sani,Delhi
3143,Gayathri Parsa,Thane
3144,Yutika Bobal,Delhi
3145,Owen Sachar,Bangalore
3146,Ubika Raman,Surat
3147,Riya Barad,Indore
3148,Charita Prashad,Nagpur
3149,Vincent Pandit,Jaipur
3150,Tamanna Goel,Nagpur
3151,Rachana Murty,Nagpur
3152,Avi Sen,Lucknow
3153,Nirja Madan,Hyderabad
3154,Fiyaz Rao,Bhopal
3155,Ekansh Koshy,Thane
3156,Samarth Anand,Chennai
3157,Anamika Krishnamurthy,Noida
3158,Caleb Karan,Surat
3159,Kalpit Ramakrishnan,Ahmedabad
3160,Xiti Bhasin,Indore
3161,Abhiram Ramesh,Mumbai
3162,Lakshit Koshy,Ahmedabad
3163,Jonathan Borde,Noida
3164,Chanakya Dey,Hyderabad
3165,Anirudh Bhardwaj,Indore
3166,Avi Oak,Nagpur
3167,Eshana Pandya,Kolkata
3168,Orinder Ahluwalia,Bangalore
3169,Anmol Ghosh,Bhopal
3170,Karan Borra,Chennai
3171,Zinal Boase,Chennai
3172,Farhan Som,Jaipur
3173,Hitesh Nanda,Kolkata
3174,Advik De,Thane
3175,Ishani Balakrishnan,Lucknow
3176,Oscar Kapadia,Thane
3177,Dominic Balay,Indore
3178,Sara Aggarwal,Lucknow
3179,Yash Mangat,Surat
3180,Avi Sane,Noida
3181,Karan Ranganathan,Surat
3182,Zaid Toor,Ahmedabad
3183,Isha Hans,Lucknow
3184,Ayaan Lanka,Hyderabad
3185,Ikshita Brar,Kolkata
3186,Rehaan Magar,Bangalore
3187,Jackson Bhandari,Pune
3188,Imaran Kannan,Hyderabad
3189,Peter Varghese,Delhi
3190,Andrew Lala,Surat
3191,Elijah Sant,Bhopal
3192,Wahab Madan,Thane
3193,Owen Hegde,Nagpur
3194,Gagan Madan,Thane
3195,Upma Modi,Indore
3196,Vrishti Butala,Delhi
3197,Pratyush Pal,Kolkata
3198,Yashawini Sahota,Thane
3199,Balhaar Misra,Chennai
3200,Lakshmi Tiwari,Pune
3201,Veer Krish,Mumbai
3202,Harini Bhargava,Indore
3203,Aradhana Bedi,Chennai
3204,Onveer Biswas,Indore
3205,Aayush Hayer,Surat
3206,Hemani Palla,Noida
3207,Logan Narang,Pune
3208,Banjeet Raghavan,Chennai
3209,Omya Nagy,Lucknow
3210,Isaac Bava,Bhopal
3211,Aditya Dixit,Surat
3212,Balvan Basak,Noida
3213,Omisha Balasubramanian,Delhi
3214,Michael Sama,Bhopal
3215,Anay Jani,Pune
3216,Aadi Sarraf,Thane
3217,Zayan Pillay,Jaipur
3218,Bhavika Lal,Thane
3219,Bishakha Sarin,Ahmedabad
3220,Kiaan Rai,Mumbai
3221,Warhi Verma,Pune
3222,Garima Thakkar,Mumbai
3223,Isaiah Banik,Thane
3224,Lavanya Atwal,Thane
3225,Ryan Karan,Pune
3226,Yuvraj Nayak,Indore
3227,Jhalak Wagle,Indore
3228,Urmi Patla,Kolkata
3229,Damini Goda,Surat
3230,Rachit Sen,Noida
3231,Geetika Bahri,Delhi
3232,Mohini Bahri,Jaipur
3233,Ekanta Ratta,Delhi
3234,Rajeshri Chopra,Ahmedabad
3235,Samesh Bhattacharyya,Nagpur
3236,Bishakha Behl,Jaipur
3237,Christopher Hayer,Jaipur
3238,Caleb Ray,Noida
3239,Qadim Parikh,Nagpur
3240,Bhavika Prabhu,Chennai
3241,Guneet Mammen,Pune
3242,Kavya Gola,Surat
3243,Brijesh Sundaram,Mumbai
3244,Xiti Bera,Indore
3245,Gunbir Jani,Noida
3246,Charan Parikh,Bhopal
3247,Ekaja Shere,Indore
3248,Meera Palla,Lucknow
3249,Saanvi Chokshi,Pune
3250,Arya Iyengar,Chennai
3251,Aarini Halder,Delhi
3252,Dhriti Agarwal,Surat
3253,Jeet Mahal,Kolkata
3254,Frederick Radhakrishnan,Jaipur
3255,Wriddhish Virk,Noida
3256,Xavier Kalita,Noida
3257,Hitesh Lata,Pune
3258,Vincent Bahl,Ahmedabad
3259,Zaid Mittal,Kolkata
3260,Jonathan Singhal,Indore
3261,Hitesh Jha,Hyderabad
3262,Udarsh Misra,Jaipur
3263,Qarin Viswanathan,Mumbai
3264,Andrew Kumer,Delhi
3265,Balendra Munshi,Pune
3266,Aarini Choudhary,Bangalore
3267,Advika Modi,Bhopal
3268,Zaitra Rout,Kolkata
3269,Tanvi Konda,Mumbai
3270,Laksh Singh,Delhi
3271,Saksham Datta,Chennai
3272,Harish Bera,Delhi
3273,Chatura Dhar,Delhi
3274,Oliver Thakkar,Ahmedabad
3275,Fitan Rana,Delhi
3276,Omya Khare,Surat
3277,Mitali Yohannan,Indore
3278,Eshana Nair,Bangalore
3279,Upma Kulkarni,Delhi
3280,Thomas Sane,Bhopal
3281,Vivaan Balan,Lucknow
3282,Panini Saxena,Bhopal
3283,Simon Shere,Mumbai
3284,Ekbal Hayer,Lucknow
3285,Ekta Gokhale,Surat
3286,Ishanvi Bumb,Kolkata
3287,Rehaan Bhattacharyya,Jaipur
3288,Gautam Sarma,Noida
3289,Aayush Sankar,Kolkata
3290,Jeevika Mallick,Hyderabad
3291,Manan Modi,Delhi
3292,Unni Naidu,Delhi
3293,Kevin Shenoy,Pune
3294,Manbir Choudhury,Noida
3295,Jason Sabharwal,Hyderabad
3296,Ganga Issac,Bhopal
3297,Mohini Gokhale,Jaipur
3298,Bakhshi Narang,Lucknow
3299,Qarin Borra,Lucknow
3300,Yuvraj Swaminathan,Jaipur
3301,Rajeshri Kant,Hyderabad
3302,Yauvani Merchant,Jaipur
3303,Warhi Anne,Mumbai
3304,Aashi Choudhury,Bangalore
3305,Veer Prabhakar,Ahmedabad
3306,Jagrati Wagle,Nagpur
3307,Keya Chhabra,Lucknow
3308,Tara Mukhopadhyay,Kolkata
3309,Rudra Varty,Kolkata
3310,Krishna Manne,Ahmedabad
3311,Anvi Tank,Hyderabad
3312,Mekhala Rastogi,Surat
3313,Chakradev Yadav,Noida
3314,Vritti Krishna,Jaipur
3315,Saumya Kala,Nagpur
3316,Wyatt Savant,Pune
3317,Anthony Sekhon,Pune
3318,Charles Malhotra,Indore
3319,Devansh Goswami,Lucknow
3320,Andrew Natt,Indore
3321,Wazir Pingle,Nagpur
3322,Raghav Sridhar,Bangalore
3323,Chanakya Parsa,Bhopal
3324,Kashvi Reddy,Chennai
3325,Zaid Datta,Kolkata
3326,Vedant Dubey,Bangalore
3327,Advika Parsa,Bhopal
3328,Yuvraj Dua,Pune
3329,Zarna Rama,Indore
3330,Ekavir Bera,Surat
3331,Dakshesh Dayal,Bhopal
3332,Gayathri Dara,Lucknow
3333,Orinder Hans,Bhopal
3334,Falan Raju,Thane
3335,Jairaj Rajan,Jaipur
3336,Varenya Kunda,Indore
3337,Vanya Ben,Noida
3338,Charvi Gaba,Mumbai
3339,Nachiket Prasad,Kolkata
3340,Siya Kurian,Noida
3341,Frederick Om,Indore
3342,Chanakya Hari,Nagpur
3343,Samar Mane,Jaipur
3344,Ojasvi Gola,Pune
3345,Henry Dewan,Kolkata
3346,Devansh Shetty,Hyderabad
3347,Vrishti Dhar,Bhopal
3348,Gavin Grewal,Thane
3349,Tanish Venkataraman,Nagpur
3350,Veer Bassi,Noida
3351,Upadhriti Narula,Nagpur
3352,Darika Dayal,Hyderabad
3353,Nisha Sidhu,Kolkata
3354,Dominic Dani,Indore
3355,Anita Nanda,Bhopal
3356,Barkha Parmar,Mumbai
3357,Udarsh Bhakta,Lucknow
3358,Pallavi Zacharia,Jaipur
3359,Rehaan Jaggi,Jaipur
3360,Shivani Ganesh,Nagpur
3361,Avni Jain,Surat
3362,Orinder Verma,Indore
3363,Pahal Bajwa,Pune
3364,Arunima Pillay,Delhi
3365,Siddharth Nair,Pune
3366,Wahab Thakur,Delhi
3367,Aashi Sama,Lucknow
3368,Darika Kadakia,Chennai
3369,Frederick Bansal,Hyderabad
3370,Vedhika Narayanan,Bhopal
3371,Amrita Wason,Chennai
3372,Warda Rau,Noida
3373,Logan Sood,Nagpur
3374,Lavanya Seth,Thane
3375,Pooja Chauhan,Noida
3376,Abhiram Sabharwal,Delhi
3377,Aarini Yogi,Hyderabad
3378,Oliver Bhavsar,Noida
3379,Samuel Sethi,Lucknow
3380,Chandran Srinivas,Noida
3381,Oscar Bhargava,Bhopal
3382,Ishaan Sant,Bhopal
3383,Indrajit Jain,Nagpur
3384,Rudra Tank,Surat
3385,Januja Goel,Hyderabad
3386,Yashica Bhattacharyya,Chennai
3387,Karan Goda,Bangalore
3388,Mohammed Sunder,Jaipur
3389,Om Bahri,Hyderabad
3390,Eta Pal,Chennai
3391,Deepa Bose,Pune
3392,Chaman Sanghvi,Jaipur
3393,Abeer Patla,Lucknow
3394,Jyoti Barad,Ahmedabad
3395,Bina Kannan,Hyderabad
3396,Dalbir Dora,Delhi
3397,Owen Guha,Pune
3398,Kashish Pandey,Nagpur
3399,Oscar Patel,Pune
3400,Bhavika Bobal,Noida
3401,Vamakshi Gokhale,Mumbai
3402,Bhanumati Pant,Chennai
3403,Yashvi Barad,Surat
3404,Pallavi Arora,Bhopal
3405,Yashica Minhas,Indore
3406,Christopher Bora,Surat
3407,Ekalinga Sandal,Bhopal
3408,Ojasvi Ghosh,Thane
3409,Hamsini Mangat,Nagpur
3410,Falan Ghosh,Pune
3411,Aarna Rama,Nagpur
3412,Chaaya Suri,Pune
3413,Vincent Wable,Hyderabad
3414,Tarak Bhandari,Surat
3415,Upadhriti Dalal,Kolkata
3416,Kashvi Rajagopalan,Indore
3417,Warda Rau,Pune
3418,Rayaan Mani,Chennai
3419,Yoshita Chadha,Hyderabad
3420,Nidra Contractor,Hyderabad
3421,Brinda Barad,Pune
3422,Harinakshi Mital,Kolkata
3423,Kashish Sathe,Bangalore
3424,Maya Chaudhary,Bhopal
3425,Nisha Bera,Bangalore
3426,Harish Raman,Indore
3427,Zansi Yogi,Pune
3428,Waida Hegde,Thane
3429,Abdul Thaman,Noida
3430,Vamakshi Saran,Surat
3431,Anirudh Ramakrishnan,Hyderabad
3432,Naveen Dash,Indore
3433,Udyati Tella,Kolkata
3434,Udarsh Bhatti,Ahmedabad
3435,Urishilla Chokshi,Thane
3436,Rohan Nayar,Delhi
3437,Leela Koshy,Hyderabad
3438,Azad Mand,Thane
3439,Falan Swaminathan,Lucknow
3440,Dhriti Sarma,Noida
3441,Bahadurjit Balay,Mumbai
3442,Rachita Karnik,Chennai
3443,Ethan Mand,Delhi
3444,Vihaan Wason,Mumbai
3445,Harish Bhargava,Indore
3446,Henry Tara,Surat
3447,Hemal Tata,Hyderabad
3448,Samuel Butala,Jaipur
3449,Leena Nigam,Jaipur
3450,Diya Kannan,Delhi
3451,Udarsh Gala,Lucknow
3452,Anvi Sandal,Thane
3453,Forum Kalita,Indore
3454,Devika Kant,Surat
3455,Warda Brar,Nagpur
3456,Praneel Ramesh,Nagpur
3457,Riya Swamy,Noida
3458,Balveer Saraf,Noida
3459,Balvan Jayaraman,Bangalore
3460,Chatresh Basu,Surat
3461,Chakradhar Bedi,Surat
3462,Qabil Nadig,Bhopal
3463,Sneha Jha,Bangalore
3464,Jackson Sastry,Pune
3465,Mohammed Warrior,Lucknow
3466,Gautam Chand,Bhopal
3467,Osha Raju,Nagpur
3468,Ayushman Pandit,Bhopal
3469,Ladli Varma,Delhi
3470,Umang Bhasin,Thane
3471,Janaki Konda,Indore
3472,Yachana Banerjee,Jaipur
3473,Girindra Dutta,Bhopal
3474,Henry More,Indore
3475,Maanas Bahri,Noida
3476,Mugdha Dugar,Noida
3477,Fiyaz Vaidya,Hyderabad
3478,Nathaniel Bahl,Delhi
3479,Girindra Thakur,Delhi
3480,Ekbal Raghavan,Bhopal
3481,Jai Shukla,Pune
3482,Bimala Sule,Nagpur
3483,Vasudha Gupta,Indore
3484,Damyanti Som,Thane
3485,Nakul Savant,Bhopal
3486,Sanya Lad,Delhi
3487,Indali Shenoy,Bhopal
3488,Imaran Choudhry,Mumbai
3489,Nicholas Kumar,Pune
3490,Jatin Lad,Hyderabad
3491,Xavier Chandran,Surat
3492,Triveni Krish,Jaipur
3493,Dalaja Lall,Indore
3494,Anthony Rai,Delhi
3495,Nakul Pathak,Kolkata
3496,Anita Chada,Noida
3497,Kamala Mani,Lucknow
3498,Nathan Borra,Thane
3499,Jackson Seshadri,Indore
3500,Vedhika Madan,Chennai
3501,Ekansh Manne,Surat
3502,Karan Balakrishnan,Bangalore
3503,Lopa Gara,Indore
3504,Ryan Murty,Bhopal
3505,Rayaan Bose,Indore
3506,Aditya Kumer,Pune
3507,Gagan Venkataraman,Noida
3508,Nitara Oza,Bangalore
3509,Balhaar Varma,Lucknow
3510,Gagan Sekhon,Lucknow
3511,Mason Saran,Jaipur
3512,Praneel Pandya,Pune
3513,Dalaja Buch,Nagpur
3514,Fiyaz Kale,Lucknow
3515,Bhavna Munshi,Bhopal
3516,Yutika Khanna,Pune
3517,Dayita Mannan,Ahmedabad
3518,Faqid Oommen,Mumbai
3519,Omkaar Sridhar,Kolkata
3520,Triya Prabhu,Ahmedabad
3521,Nimrat Chada,Pune
3522,Abdul Ramesh,Hyderabad
3523,Gaurav Mani,Indore
3524,Samarth Rana,Thane
3525,Wahab Dhawan,Mumbai
3526,Diya Sura,Nagpur
3527,Chaaya Vohra,Ahmedabad
3528,Vihaan Chatterjee,Nagpur
3529,Amruta Vyas,Mumbai
3530,Aarush Sagar,Pune
3531,Omkaar Som,Thane
3532,Xiti Pandey,Mumbai
3533,Tarak Sarma,Chennai
3534,Oliver Dass,Delhi
3535,Forum Jaggi,Nagpur
3536,Neha Bala,Delhi
3537,Abdul Mani,Hyderabad
3538,Chanakya Sarraf,Hyderabad
3539,Rajata Mittal,Mumbai
3540,Yashvi Suri,Nagpur
3541,Yashasvi Ram,Bhopal
3542,Fitan Gade,Nagpur
3543,Samaksh Kant,Chennai
3544,Vritti Sarna,Chennai
3545,Girindra Ramanathan,Pune
3546,Hitesh Kant,Noida
3547,Theodore Radhakrishnan,Bhopal
3548,Kashvi Bhatt,Thane
3549,Shivansh Mohan,Bhopal
3550,Vincent Ravel,Mumbai
3551,Naksh Sabharwal,Mumbai
3552,Michael Agate,Noida
3553,Aahana Bera,Chennai
3554,Hema Grover,Noida
3555,Chakradev Issac,Lucknow
3556,Vanya Sood,Noida
3557,Aahana Bhattacharyya,Surat
3558,Riya Grover,Kolkata
3559,Vasatika Bhavsar,Lucknow
3560,Amrita Kothari,Jaipur
3561,Kiaan Brahmbhatt,Mumbai
3562,Aradhana Parekh,Mumbai
3563,Aishani Aurora,Bangalore
3564,Mekhala Ramanathan,Indore
3565,Odika Bahl,Kolkata
3566,Amruta Brahmbhatt,Kolkata
3567,Eta Munshi,Noida
3568,Geetika Varma,Lucknow
3569,Rayaan Narula,Lucknow
3570,Mahika Virk,Noida
3571,Jagdish Guha,Surat
3572,Geetika Walla,Mumbai
3573,Anmol Tak,Jaipur
3574,Chatresh Madan,Lucknow
3575,Divya Narayanan,Kolkata
3576,Neel Solanki,Bhopal
3577,Warjas Rattan,Pune
3578,Mason Lad,Indore
3579,Gagan Dara,Thane
3580,Ekanta Goyal,Jaipur
3581,Caleb Mammen,Nagpur
3582,Ayush Mody,Nagpur
3583,Falguni Seshadri,Kolkata
3584,Arya Gaba,Jaipur
3585,Omkaar Palla,Pune
3586,Gavin Varghese,Kolkata
3587,Yuvraj Hari,Bangalore
3588,Amrita Bansal,Surat
3589,Gaurangi Pal,Delhi
3590,Samaksh Gole,Nagpur
3591,Gautami Ratta,Chennai
3592,Krisha Wali,Kolkata
3593,Sathvik Sodhi,Jaipur
3594,Ekanta Sidhu,Lucknow
3595,Tanmayi Sunder,Chennai
3596,Kai Sagar,Pune
3597,Samarth Dayal,Mumbai
3598,Matthew Bali,Noida
3599,Ridhi Koshy,Delhi
3600,Nakul Halder,Bhopal
3601,Ayushman Rajagopalan,Ahmedabad
3602,Max Mitra,Chennai
3603,Hiral Mand,Chennai
3604,Eta Majumdar,Mumbai
3605,Krisha Gulati,Surat
3606,David Mital,Ahmedabad
3607,Lakshmi Bawa,Mumbai
3608,Hredhaan Khare,Indore
3609,Kabir Dube,Surat
3610,Yoshita Wadhwa,Bhopal
3611,Upasna Kaul,Hyderabad
3612,Yatin Bhatia,Hyderabad
3613,Krishna Ramaswamy,Surat
3614,Tristan Din,Bangalore
3615,Eesha Gokhale,Nagpur
3616,Zaitra Zachariah,Noida
3617,Darpan Sastry,Kolkata
3618,Falan Bajwa,Pune
3619,Prisha Chawla,Chennai
3620,Indira Chaudhary,Delhi
3621,Tejas Dugar,Kolkata
3622,Sarthak Maharaj,Jaipur
3623,Dev Shan,Jaipur
3624,Jagvi Aurora,Noida
3625,Thomas Hari,Indore
3626,Nilima Talwar,Mumbai
3627,Eesha Sheth,Indore
3628,Harinakshi Kanda,Jaipur
3629,Baghyawati Baral,Indore
3630,Dev Palan,Kolkata
3631,Mohammed Sawhney,Delhi
3632,Harsh Vora,Indore
3633,Jonathan Lall,Mumbai
3634,Frederick Khurana,Indore
3635,Teerth Bhavsar,Jaipur
3636,Oni Agrawal,Thane
3637,Amruta Dayal,Kolkata
3638,Ojas Sridhar,Chennai
3639,Ekta Mitter,Noida
3640,Kalpit Madan,Surat
3641,Advika Kothari,Pune
3642,Manthan Sheth,Ahmedabad
3643,Tarak Chaudry,Pune
3644,Jalsa Ranganathan,Chennai
3645,Ekbal Date,Indore
3646,Tara Walia,Kolkata
3647,Advay D’Alia,Lucknow
3648,Ishanvi Bedi,Thane
3649,Chandresh Sami,Noida
3650,Bhavna Varkey,Thane
3651,Jai Sachar,Bangalore
3652,Hema Sekhon,Indore
3653,Ekaraj Rama,Hyderabad
3654,Baghyawati Borde,Delhi
3655,Raagini Vig,Mumbai
3656,Gopal Kohli,Jaipur
3657,Samesh Chauhan,Noida
3658,Eesha Bhalla,Surat
3659,Upasna Brar,Ahmedabad
3660,Yachana Sharma,Jaipur
3661,Christopher Kakar,Bhopal
3662,Madhavi Dara,Surat
3663,Aashi Devi,Bangalore
3664,Devansh Parmar,Pune
3665,Damyanti Dass,Ahmedabad
3666,Logan Khosla,Hyderabad
3667,Om Dubey,Pune
3668,Deepa Jayaraman,Surat
3669,Siya Parekh,Mumbai
3670,Baljiwan Zachariah,Noida
3671,Shaurya Oak,Surat
3672,Kamala Konda,Kolkata
3673,Tristan Chatterjee,Noida
3674,Harita Mitra,Delhi
3675,Rajeshri Ben,Mumbai
3676,Sara Setty,Pune
3677,Eshana Dhawan,Indore
3678,Ati Bala,Bhopal
3679,Arya Sarin,Chennai
3680,Leena Lad,Jaipur
3681,Prisha Doshi,Jaipur
3682,Yug Bhakta,Kolkata
3683,Hitesh Varughese,Mumbai
3684,Benjamin Bhatia,Nagpur
3685,Qushi Sekhon,Indore
3686,Tristan Kala,Hyderabad
3687,Elijah Ramesh,Ahmedabad
3688,Qadim Garde,Indore
3689,Caleb Prashad,Jaipur
3690,Aarush Kale,Mumbai
3691,Gautam Khosla,Surat
3692,Amruta Bajaj,Hyderabad
3693,Reyansh Shah,Surat
3694,Noah Krishna,Kolkata
3695,Benjamin Ganesan,Hyderabad
3696,Upadhriti Tak,Thane
3697,Zaitra Patla,Indore
3698,Ishwar Pandya,Noida
3699,Netra Dhawan,Noida
3700,Harsh Borde,Thane
3701,Sai Barad,Indore
3702,Rajeshri Bir,Nagpur
3703,Mitesh Devan,Nagpur
3704,Baghyawati Tak,Nagpur
3705,Chavvi Ahluwalia,Bhopal
3706,Unni Subramaniam,Nagpur
3707,Manthan Patil,Kolkata
3708,Chaitaly Varkey,Delhi
3709,Gayathri Wali,Mumbai
3710,Aishani Khosla,Noida
3711,Madhav Pradhan,Ahmedabad
3712,Abhimanyu Patel,Thane
3713,Hitesh Khurana,Chennai
3714,Rajata Contractor,Lucknow
3715,Faris Dass,Hyderabad
3716,Dominic Nadkarni,Jaipur
3717,Caleb Gokhale,Hyderabad
3718,Leena Gour,Ahmedabad
3719,Ekbal Dugar,Noida
3720,Krish Gola,Lucknow
3721,Tanvi Khare,Hyderabad
3722,Shaurya Purohit,Bangalore
3723,Sai Merchant,Surat
3724,Isaac Master,Chennai
3725,Nicholas Ganesan,Chennai
3726,Zaid Kota,Chennai
3727,Geetika Parekh,Bhopal
3728,Kavya Sen,Chennai
3729,Caleb Desai,Bhopal
3730,David Virk,Nagpur
3731,Darika Prasad,Lucknow
3732,Chakradhar Yadav,Chennai
3733,Aishani Nayar,Thane
3734,Chakradev Karan,Delhi
3735,Yutika Kala,Thane
3736,Panini Talwar,Noida
3737,Tripti Nath,Mumbai
3738,Damyanti Yadav,Chennai
3739,Daniel Bhalla,Indore
3740,Harini Dada,Mumbai
3741,Bimala Dua,Mumbai
3742,Divya Menon,Hyderabad
3743,Prisha Sarkar,Bangalore
3744,Rachita Mahajan,Pune
3745,Widisha Desai,Mumbai
3746,Anusha Rout,Chennai
3747,Jasmit Bose,Bhopal
3748,Kala Dass,Surat
3749,Pavani Pillay,Nagpur
3750,Unni Narain,Thane
3751,Harshil Khurana,Pune
3752,Ladli Kulkarni,Delhi
3753,Edhitha Natt,Ahmedabad
3754,Kamya Mishra,Thane
3755,Xalak Chopra,Surat
3756,Kamya Khare,Nagpur
3757,Rayaan Patla,Chennai
3758,Adweta Randhawa,Bhopal
3759,Dipta Sama,Kolkata
3760,Vyanjana Magar,Jaipur
3761,Saumya Sani,Nagpur
3762,Yashoda Master,Bhopal
3763,Aadhya Vasa,Chennai
3764,Amara Tella,Kolkata
3765,Faras Venkataraman,Mumbai
3766,Zashil Palla,Jaipur
3767,Raksha Lata,Kolkata
3768,Yug Khanna,Nagpur
3769,Ubika Upadhyay,Nagpur
3770,Vihaan Chander,Lucknow
3771,Hredhaan Gole,Bangalore
3772,Aryan Lal,Indore
3773,Isha Anne,Thane
3774,Amruta Karpe,Jaipur
3775,Ishita Khanna,Surat
3776,Darsh Ravi,Noida
3777,Udant Sawhney,Chennai
3778,Darpan Singhal,Bangalore
3779,Rachana Roy,Chennai
3780,Jatin Kumar,Jaipur
3781,Gabriel Munshi,Surat
3782,Advaith Roy,Bhopal
3783,Harrison Palan,Kolkata
3784,Samarth Sule,Mumbai
3785,Ansh Hari,Pune
3786,Bhavini Mann,Bangalore
3787,Waida Dhingra,Mumbai
3788,Dalaja Vohra,Thane
3789,Hemangini Bedi,Jaipur
3790,Vyanjana Kumar,Mumbai
3791,Odika Wali,Lucknow
3792,Manbir Dixit,Chennai
3793,Yoshita Dhawan,Chennai
3794,Rachit Vig,Delhi
3795,Jhalak Dube,Bhopal
3796,Meghana Choudhry,Nagpur
3797,Adweta Nanda,Noida
3798,Amol Mangal,Bangalore
3799,Kai Gade,Surat
3800,Hiral Johal,Ahmedabad
3801,Pranav Nadkarni,Chennai
3802,Charan Toor,Hyderabad
3803,Netra Parsa,Lucknow
3804,Nirja Kulkarni,Surat
3805,Chakradev Raja,Ahmedabad
3806,Vyanjana Kuruvilla,Noida
3807,Raagini Saran,Bangalore
3808,Ayushman Boase,Surat
3809,Krishna Hans,Nagpur
3810,Udant Pillai,Mumbai
3811,Yasti Amble,Hyderabad
3812,Chatresh Thakur,Ahmedabad
3813,Ridhi Mandal,Lucknow
3814,Girindra Malhotra,Kolkata
3815,Ekansh Keer,Delhi
3816,Vinaya Sengupta,Pune
3817,Gaurika Dugar,Bhopal
3818,Maanav Pandey,Thane
3819,Shaurya Prabhakar,Chennai
3820,Maanav Chanda,Hyderabad
3821,Meghana Edwin,Surat
3822,Maya Venkataraman,Lucknow
3823,Advaith Varghese,Bhopal
3824,Falan Hari,Indore
3825,Ladli Khatri,Kolkata
3826,Alexander Shankar,Kolkata
3827,Aayush Vora,Jaipur
3828,Amrita Pal,Ahmedabad
3829,Charvi Chana,Noida
3830,Nilima Gaba,Kolkata
3831,Sneha Mahal,Pune
3832,Vincent Reddy,Pune
3833,Rachita Sehgal,Surat
3834,Advay Kanda,Delhi
3835,Manthan Gala,Indore
3836,Chanchal Bora,Mumbai
3837,Anvi Bala,Indore
3838,Zinal Patla,Surat
3839,Jagat Agarwal,Delhi
3840,Riya Subramanian,Bangalore
3841,Ayaan Ratti,Bangalore
3842,Fariq Ganesan,Lucknow
3843,Nisha Basak,Noida
3844,Vidhi Bal,Indore
3845,Advik Muni,Surat
3846,Samar Karan,Thane
3847,Pranit Mahajan,Noida
3848,Hemang Mittal,Chennai
3849,Anya Nigam,Nagpur
3850,Wazir Kar,Ahmedabad
3851,Ronith Sinha,Delhi
3852,Yashodhara Muni,Ahmedabad
3853,Yashasvi Gulati,Bangalore
3854,Gaurang Ganesh,Chennai
3855,Divya Prakash,Jaipur
3856,Chandran Prabhu,Pune
3857,Janani Dash,Pune
3858,Urvi Raj,Jaipur
3859,Januja Varughese,Ahmedabad
3860,Vasatika Jani,Chennai
3861,Ekiya Lal,Chennai
3862,Fiyaz Grewal,Hyderabad
3863,Ubika Kalita,Indore
3864,Yuvraj Bala,Indore
3865,Dalaja Kakar,Bhopal
3866,Upma Sharma,Ahmedabad
3867,William Som,Delhi
3868,Warda Dua,Jaipur
3869,Oliver Parsa,Jaipur
3870,Wridesh Dube,Delhi
3871,Henry Gokhale,Noida
3872,Ekani Joshi,Chennai
3873,Samarth Madan,Hyderabad
3874,Anvi Kurian,Indore
3875,Nisha Talwar,Bhopal
3876,Harinakshi Golla,Delhi
3877,Ranbir Pingle,Surat
3878,Agastya Dixit,Delhi
3879,Liam Mahal,Mumbai
3880,Eesha Gokhale,Thane
3881,Andrew Nigam,Kolkata
3882,Charles Tata,Indore
3883,Jhalak Singh,Mumbai
3884,Dipta Puri,Chennai
3885,Ria Jain,Kolkata
3886,Ekaraj Ghose,Delhi
3887,Nikita Goel,Jaipur
3888,Jeet Savant,Mumbai
3889,Geetika Chand,Bhopal
3890,Peter Malhotra,Jaipur
3891,Zilmil Chacko,Bhopal
3892,Reva Pandey,Pune
3893,Saksham Bail,Lucknow
3894,Aradhana Contractor,Chennai
3895,Bhavna Sandhu,Nagpur
3896,Shravya Ramesh,Chennai
3897,Yashvi Shetty,Bhopal
3898,Aarnav Das,Kolkata
3899,Chaitaly Anand,Kolkata
3900,Balvan Kala,Jaipur
3901,Naksh Chadha,Chennai
3902,Vasudha Vohra,Lucknow
3903,Mugdha Ghosh,Hyderabad
3904,Jyoti Bala,Indore
3905,Samaksh Venkatesh,Thane
3906,Chaaya Hora,Thane
3907,Vansha Chokshi,Thane
3908,Theodore Doctor,Nagpur
3909,Ikshita Guha,Noida
3910,Lakshmi Balasubramanian,Bhopal
3911,Panini Narasimhan,Mumbai
3912,Bina Deep,Pune
3913,Bahadurjit Mallick,Jaipur
3914,Simon Chad,Hyderabad
3915,Arin Subramanian,Pune
3916,Advay Ganguly,Ahmedabad
3917,Pratyush Gole,Bangalore
3918,Ansh Reddy,Indore
3919,Vyanjana Shah,Kolkata
3920,Devika Bahri,Noida
3921,Naveen Lall,Bangalore
3922,Imaran Chopra,Chennai
3923,Benjamin Solanki,Indore
3924,Chanchal Apte,Lucknow
3925,Bhavna Oommen,Indore
3926,Kashish Issac,Delhi
3927,Priya Patla,Bangalore
3928,Kritika Rama,Jaipur
3929,Gunbir Contractor,Chennai
3930,Nirja Pradhan,Thane
3931,Gaurika Nagarajan,Lucknow
3932,Chandani Arya,Bangalore
3933,Tanmayi Krishna,Nagpur
3934,Omya Pandit,Delhi
3935,Aashi Sur,Indore
3936,Omaja Merchant,Ahmedabad
3937,Yahvi Master,Chennai
3938,Abhimanyu Gara,Nagpur
3939,Wahab Solanki,Lucknow
3940,Guneet Raja,Lucknow
3941,Ekbal Bose,Bhopal
3942,Jason Manne,Kolkata
3943,Ishaan Dewan,Noida
3944,Ria Wable,Nagpur
3945,Anay Vasa,Bhopal
3946,Gautam Toor,Chennai
3947,Oscar Bhasin,Bhopal
3948,Nirja Joshi,Bangalore
3949,Balvan Samra,Lucknow
3950,Gaurangi Pandit,Kolkata
3951,Qushi Pingle,Delhi
3952,Nakul Banik,Bhopal
3953,Janani Dasgupta,Indore
3954,Nihal Varkey,Kolkata
3955,Tejas Wadhwa,Hyderabad
3956,Ekantika Uppal,Noida
3957,Veda Chopra,Pune
3958,Leela Kurian,Bhopal
3959,Advaith Raj,Kolkata
3960,Ekanta Warrior,Bangalore
3961,Abhimanyu Bhagat,Pune
3962,Noah Kadakia,Bangalore
3963,Bina Bali,Delhi
3964,Udyati Koshy,Nagpur
3965,Niharika Barad,Kolkata
3966,Lajita Atwal,Surat
3967,Guneet Anne,Noida
3968,Varsha Kala,Pune
3969,Anusha Taneja,Indore
3970,Zashil Prabhu,Lucknow
3971,Peter Chana,Kolkata
3972,Faqid Borra,Chennai
3973,Upma Bala,Ahmedabad
3974,Qarin Ranganathan,Jaipur
3975,Chaman Jhaveri,Ahmedabad
3976,Nidhi Arora,Jaipur
3977,Aarush Gola,Thane
3978,Kabir Ramaswamy,Hyderabad
3979,Hema Vohra,Jaipur
3980,Tanay Yadav,Bhopal
3981,Anay Kapur,Bangalore
3982,Sara Konda,Jaipur
3983,Tanish Varghese,Chennai
3984,Urmi Keer,Nagpur
3985,Joshua Dash,Nagpur
3986,Lakshmi Sahni,Lucknow
3987,Jagrati Majumdar,Pune
3988,Abhimanyu Manda,Lucknow
3989,Nilima Barman,Noida
3990,Pooja Badal,Jaipur
3991,Radha Raj,Chennai
3992,Triya Sheth,Lucknow
3993,Neel Wable,Pune
3994,Zashil Warrior,Pune
3995,Gaurang Shukla,Pune
3996,Wridesh Sane,Mumbai
3997,Libni Koshy,Surat
3998,Aashi Mand,Hyderabad
3999,Viraj Mann,Nagpur
4000,Sara Kashyap,Chennai
4001,Unnati Mand,Bhopal
4002,Indrajit Mukhopadhyay,Nagpur
4003,Mugdha Chopra,Jaipur
4004,Omaja Master,Noida
4005,Ria Magar,Kolkata
4006,Fariq Prabhu,Noida
4007,Nisha Kulkarni,Hyderabad
4008,Vedhika Agarwal,Kolkata
4009,Vidhi Sen,Surat
4010,Mahika Kalita,Surat
4011,Reyansh Anand,Kolkata
4012,Waida Kalita,Mumbai
4013,Meera Sridhar,Chennai
4014,Aditya Choudhury,Bangalore
4015,Abha Keer,Indore
4016,Laban Devan,Chennai
4017,Inaya Sekhon,Noida
4018,Andrew Nanda,Chennai
4019,Anjali Nagi,Kolkata
4020,Nidhi Kunda,Indore
4021,Ekanta Rau,Lucknow
4022,Shivansh Baria,Pune
4023,Jacob Kara,Jaipur
4024,Fiyaz Talwar,Ahmedabad
4025,Avni Datta,Jaipur
4026,Yachana Mahal,Lucknow
4027,Shaurya Choudhry,Indore
4028,Yachana Raman,Noida
4029,Azaan Mody,Hyderabad
4030,Champak Bhalla,Noida
4031,Aryan Narasimhan,Delhi
4032,Saumya Golla,Jaipur
4033,Advik Kohli,Bhopal
4034,Darsh Dhillon,Bangalore
4035,Zayyan Balay,Nagpur
4036,Wazir Soman,Mumbai
4037,Krish Batra,Ahmedabad
4038,Pahal Swaminathan,Jaipur
4039,Rajata Hegde,Thane
4040,Chanchal Palan,Surat
4041,Ekani Kar,Kolkata
4042,Mekhala Kade,Surat
4043,Vihaan Divan,Kolkata
4044,Umang Kaur,Nagpur
4045,Anay Mane,Ahmedabad
4046,Sachi Palan,Chennai
4047,Janani Datta,Kolkata
4048,Rishi Viswanathan,Kolkata
4049,Anita Khatri,Jaipur
4050,Forum Thaman,Pune
4051,Owen Chakraborty,Chennai
4052,Samesh Date,Pune
4053,Victor Karnik,Indore
4054,Unni Rau,Bangalore
4055,Hiral Rao,Bangalore
4056,Anirudh Suri,Lucknow
4057,Saksham Patel,Delhi
4058,Balveer Murthy,Thane
4059,Benjamin Yohannan,Bhopal
4060,Shravya Kalla,Noida
4061,Abeer Bhatti,Lucknow
4062,Laban Vohra,Bangalore
4063,Theodore Shenoy,Lucknow
4064,Zashil Yadav,Noida
4065,Tripti Bains,Jaipur
4066,Wyatt Kanda,Chennai
4067,Christopher Krishna,Surat
4068,Zilmil Dar,Indore
4069,Imaran Nigam,Indore
4070,Lila Korpal,Nagpur
4071,Simon Varghese,Thane
4072,Onkar Date,Surat
4073,Ikshita Natt,Pune
4074,Dhruv Borra,Noida
4075,Nidra Balay,Chennai
4076,Zaid Sant,Noida
4077,Rohan Handa,Ahmedabad
4078,Ekiya Bhatt,Hyderabad
4079,Laksh Soni,Pune
4080,Laban Ramakrishnan,Noida
4081,Abdul Prakash,Ahmedabad
4082,Orinder Deshpande,Surat
4083,Alka Gade,Lucknow
4084,Jeremiah Sastry,Bhopal
4085,Naksh Hans,Pune
4086,Vasana Kata,Pune
4087,Vritti Pandey,Mumbai
4088,Qadim De,Kolkata
4089,Pushti Sridhar,Thane
4090,Sachi Munshi,Surat
4091,Shravya Ravel,Lucknow
4092,Chakrika Patil,Hyderabad
4093,Pallavi Ramaswamy,Nagpur
4094,Unni Bhatnagar,Thane
4095,Tanveer Venkataraman,Lucknow
4096,Bhavani Bhandari,Bhopal
4097,Pratyush Balasubramanian,Kolkata
4098,Anusha Manda,Pune
4099,Tanish Wali,Mumbai
4100,Hitesh Chandran,Mumbai
4101,Warda Ben,Kolkata
4102,Krisha Rajan,Noida
4103,Janani Upadhyay,Hyderabad
4104,Ojas Shukla,Jaipur
4105,Brinda Kibe,Delhi
4106,Hemal Kapadia,Bangalore
4107,Nimrat Sani,Bangalore
4108,Banjeet Zacharia,Jaipur
4109,Adya Setty,Thane
4110,Chaitaly Bobal,Surat
4111,Kabir Bali,Kolkata
4112,Indira Setty,Indore
4113,Guneet Solanki,Noida
4114,Harini Garg,Pune
4115,Urvi Prashad,Jaipur
4116,Vedika Bhalla,Jaipur
4117,Yoshita Barman,Bhopal
4118,Vasudha Lanka,Indore
4119,Hardik Bumb,Surat
4120,Ayaan Sarraf,Noida
4121,Forum Karpe,Bangalore
4122,Sneha Mandal,Kolkata
4123,Urishilla Walia,Mumbai
4124,Lavanya Garde,Bangalore
4125,Aradhana Kala,Indore
4126,Eshana Korpal,Ahmedabad
4127,Logan Kothari,Surat
4128,Elijah Bhattacharyya,Indore
4129,Widisha Dara,Bangalore
4130,Lakshit Jayaraman,Lucknow
4131,Janya Pall,Nagpur
4132,Sudiksha Khalsa,Jaipur
4133,Vasatika Sachar,Chennai
4134,Daksh Pant,Chennai
4135,Chameli Kulkarni,Lucknow
4136,Qarin Boase,Noida
4137,Ucchal Balay,Indore
4138,Vidhi Tara,Lucknow
4139,Atharv Shan,Jaipur
4140,Eta Oza,Mumbai
4141,Sai Sawhney,Nagpur
4142,Hredhaan Luthra,Nagpur
4143,Dalaja Oza,Surat
4144,Faras Mani,Pune
4145,Tanmayi Kohli,Bhopal
4146,Dhruv Parikh,Bhopal
4147,Christopher Shenoy,Chennai
4148,Advika Lal,Pune
4149,Warda Seshadri,Bhopal
4150,Chanakya Madan,Bhopal
4151,Samuel Thaman,Hyderabad
4152,Maanas Wali,Delhi
4153,Ranveer Bal,Nagpur
4154,Ethan Murty,Noida
4155,Nidhi Memon,Pune
4156,Nakul Bora,Lucknow
4157,Bhanumati Anand,Thane
4158,Jack Chandra,Noida
4159,Tanveer Subramaniam,Bhopal
4160,Aarna Kohli,Delhi
4161,Dayita Kalla,Surat
4162,Ojas Sundaram,Hyderabad
4163,Aarna Konda,Kolkata
4164,Sanaya Sengupta,Mumbai
4165,Balvan Chowdhury,Hyderabad
4166,Gopal Gill,Bhopal
4167,Hardik Chahal,Bangalore
4168,Wishi Chanda,Noida
4169,Wazir Khanna,Jaipur
4170,Bahadurjit Konda,Noida
4171,Kiaan Memon,Noida
4172,Vinaya Verma,Jaipur
4173,Faqid Subramanian,Chennai
4174,Jyoti Deo,Lucknow
4175,Ansh Grewal,Nagpur
4176,Meera Sawhney,Surat
4177,Bishakha Kannan,Mumbai
4178,Lopa Khare,Kolkata
4179,Vansha Khatri,Surat
4180,Gaurav Uppal,Chennai
4181,Adya Bedi,Mumbai
4182,Sarthak Khurana,Bhopal
4183,Ubika Krishna,Bangalore
4184,Mahika Kapoor,Kolkata
4185,Sai Prakash,Surat
4186,Andrew Date,Mumbai
4187,Qarin Saran,Noida
4188,Raksha Kadakia,Lucknow
4189,Meera Bir,Pune
4190,Chakrika Chhabra,Thane
4191,Yashvi Raval,Bangalore
4192,Vaishnavi Nanda,Mumbai
4193,Zansi Ramesh,Delhi
4194,Yashodhara Gala,Ahmedabad
4195,Shaurya Dugar,Surat
4196,Robert Ranganathan,Hyderabad
4197,Falak Walla,Nagpur
4198,Omkaar Raman,Delhi
4199,Hredhaan Rai,Nagpur
4200,Hiral Ratti,Lucknow
4201,Krishna Raja,Nagpur
4202,Qushi Dugal,Noida
4203,Eesha Natt,Mumbai
4204,Joshua Ranganathan,Bhopal
4205,Wyatt Chana,Bangalore
4206,Aarnav Ratta,Thane
4207,Keya Jani,Chennai
4208,Gavin Srinivasan,Thane
4209,Varenya Dhaliwal,Thane
4210,Varsha Keer,Chennai
4211,Panini Kakar,Nagpur
4212,Dayamai Joshi,Chennai
4213,Aarini Devi,Noida
4214,William Dhawan,Jaipur
4215,Pooja Tella,Noida
4216,Faras Anand,Delhi
4217,Atharv Nath,Lucknow
4218,Yauvani Ramesh,Kolkata
4219,Hredhaan Murthy,Surat
4220,Waida Kalla,Surat
4221,Chavvi Banik,Thane
4222,Devansh Bala,Hyderabad
4223,Abeer Mammen,Surat
4224,Arin Kala,Ahmedabad
4225,Hemani Nayak,Bangalore
4226,Ekbal Chandran,Hyderabad
4227,Mason Vasa,Delhi
4228,Shivansh Warrior,Bangalore
4229,Gautam Choudhary,Nagpur
4230,Reva Bahri,Noida
4231,Charles Sengupta,Chennai
4232,Aarna Chandra,Delhi
4233,Ishita Palla,Chennai
4234,Brinda Reddy,Bangalore
4235,Irya Sem,Nagpur
4236,Nikita Garg,Mumbai
4237,Xavier Chauhan,Bangalore
4238,Amara Mital,Noida
4239,Kalpit Walla,Indore
4240,Oscar Brahmbhatt,Nagpur
4241,Watika Om,Lucknow
4242,Mohammed Nagy,Lucknow
4243,Wahab Srivastava,Surat
4244,Theodore Narayan,Surat
4245,Jairaj Vasa,Mumbai
4246,Rachita Sengupta,Delhi
4247,Diya Salvi,Indore
4248,Girindra Talwar,Pune
4249,Isaac Khatri,Surat
4250,Kamya Bumb,Lucknow
4251,Aayush Gokhale,Surat
4252,Gaurika Ganesan,Nagpur
4253,Zinal Patel,Bhopal
4254,Joshua Doctor,Indore
4255,Charita Tandon,Noida
4256,Ucchal Chakrabarti,Hyderabad
4257,Kevin Kari,Chennai
4258,Banjeet Swaminathan,Jaipur
4259,Vansha Koshy,Hyderabad
4260,Ojasvi Natt,Hyderabad
4261,Qasim Mander,Nagpur
4262,Anay Balan,Bangalore
4263,Chatresh Bala,Thane
4264,Ekani Subramaniam,Lucknow
4265,Laksh Sinha,Pune
4266,Alexander Kapadia,Bhopal
4267,Lila Kapoor,Ahmedabad
4268,Chandran Anand,Jaipur
4269,Balvan Raghavan,Jaipur
4270,Mohammed Deshmukh,Lucknow
4271,Bahadurjit Murthy,Kolkata
4272,Abdul Deo,Noida
4273,Adweta Devi,Indore
4274,Shaurya Peri,Surat
4275,Panini Mukhopadhyay,Surat
4276,Rohan Kamdar,Thane
4277,Manan Gola,Surat
4278,Teerth Korpal,Bhopal
4279,Xavier Borra,Bhopal
4280,Akshay Sarna,Delhi
4281,Joshua Chakrabarti,Thane
4282,Xavier Parikh,Noida
4283,Nirja Kurian,Pune
4284,Abeer Balasubramanian,Delhi
4285,Xavier Natt,Thane
4286,Inaya Sharaf,Indore
4287,Faris Sodhi,Mumbai
4288,Jagrati Sahota,Ahmedabad
4289,Shivansh Bobal,Delhi
4290,Nisha Kapadia,Lucknow
4291,Tarak Gill,Delhi
4292,Pallavi Acharya,Hyderabad
4293,Agastya Muni,Mumbai
4294,Veda Shankar,Chennai
4295,Yatin Murthy,Surat
4296,Nathan Garg,Bangalore
4297,Sathvik Mani,Pune
4298,Zashil Mitra,Jaipur
4299,Alka Pillai,Hyderabad
4300,Atharv Sabharwal,Noida
4301,Chaman Babu,Bhopal
4302,Banjeet Keer,Delhi
4303,Praneel Pathak,Bhopal
4304,Janya Bhatt,Kolkata
4305,Fitan Balay,Jaipur
4306,Yash Karan,Noida
4307,Krishna Chaudhary,Delhi
4308,Nandini Thaker,Delhi
4309,Lekha Kari,Mumbai
4310,Orinder Bir,Mumbai
4311,Vanya Talwar,Kolkata
4312,Arin Swamy,Indore
4313,Dayamai Mittal,Kolkata
4314,Aachal Wali,Bangalore
4315,Vidhi Pradhan,Nagpur
4316,Yashvi Kohli,Noida
4317,Bina Sabharwal,Pune
4318,Aditya Mohanty,Bhopal
4319,Warda Arya,Bhopal
4320,Yatin Pandey,Noida
4321,Gaurangi Golla,Chennai
4322,Jasmit Banerjee,Kolkata
4323,Hema Chopra,Bhopal
4324,Bahadurjit Nanda,Bangalore
4325,Deepa Wali,Mumbai
4326,Vincent Sagar,Lucknow
4327,Lipika Bains,Pune
4328,Rachita D’Alia,Lucknow
4329,Bhanumati Bora,Kolkata
4330,Anita Nair,Bhopal
4331,Raksha Singh,Mumbai
4332,Ojas Bahl,Pune
4333,Agastya Sethi,Chennai
4334,Odika Saxena,Thane
4335,Sarthak Hayre,Mumbai
4336,Bakhshi Keer,Bangalore
4337,Brinda Sarraf,Surat
4338,Timothy Garg,Lucknow
4339,Nachiket Ramachandran,Jaipur
4340,Wakeeta Bhatia,Indore
4341,Dipta Narula,Ahmedabad
4342,Advaith Sharma,Delhi
4343,Maanav Pall,Pune
4344,Gayathri Sanghvi,Jaipur
4345,Oscar Sekhon,Hyderabad
4346,Ishani Golla,Mumbai
4347,Yatin Nayak,Surat
4348,Umang Gala,Pune
4349,Rajeshri Palla,Ahmedabad
4350,Ekaja Chhabra,Pune
4351,Kashish Purohit,Nagpur
4352,Bachittar Suresh,Indore
4353,Leena Brahmbhatt,Jaipur
4354,Chaman Mann,Kolkata
4355,Ojas Manda,Jaipur
4356,Veda Venkatesh,Chennai
4357,Charles Boase,Pune
4358,Nidhi Bandi,Kolkata
4359,Anamika Issac,Chennai
4360,Chatresh Char,Chennai
4361,Zilmil Dar,Pune
4362,Azaan Agate,Thane
4363,Faris Seshadri,Pune
4364,Praneel Sawhney,Chennai
4365,Laban Jha,Jaipur
4366,Imaran Borde,Delhi
4367,Wishi Lal,Hyderabad
4368,Jason Mand,Surat
4369,Wriddhish Bail,Ahmedabad
4370,Kalpit Palla,Chennai
4371,Luke Solanki,Chennai
4372,Laban Ahuja,Chennai
4373,Yochana Sankaran,Lucknow
4374,Tanvi Chakraborty,Noida
4375,Balvan Goswami,Jaipur
4376,Gautam Raval,Indore
4377,Vasudha Viswanathan,Indore
4378,Guneet Doshi,Jaipur
4379,Vedika Oza,Noida
4380,Viraj Bhalla,Mumbai
4381,Vasana Saran,Lucknow
4382,Karan Dora,Delhi
4383,Aachal Jaggi,Noida
4384,Aashi Sidhu,Delhi
4385,Veda Din,Surat
4386,Adya Roy,Delhi
4387,Ekapad Yohannan,Lucknow
4388,Onkar Kulkarni,Kolkata
4389,Tanveer Rama,Pune
4390,Januja Gopal,Thane
4391,Kevin Morar,Delhi
4392,Shaurya Rau,Bhopal
4393,Jacob More,Noida
4394,Hritik Batra,Ahmedabad
4395,Theodore Bakshi,Lucknow
4396,Chakradev Venkataraman,Ahmedabad
4397,Tanmayi Dhawan,Bhopal
4398,Qushi Tandon,Delhi
4399,Falguni Bath,Jaipur
4400,Oeshi Tailor,Noida
4401,Manbir Nadig,Delhi
4402,Alka Sabharwal,Bhopal
4403,Kavya Nath,Kolkata
4404,Jagvi Dugar,Pune
4405,Charita Tripathi,Mumbai
4406,Aadi Oommen,Nagpur
4407,Faraj Sundaram,Pune
4408,Saanvi Dewan,Nagpur
4409,Tamanna Kunda,Mumbai
4410,Zinal Dey,Hyderabad
4411,Rudra Chauhan,Mumbai
4412,Yutika Goyal,Delhi
4413,Michael Devi,Chennai
4414,Radha Shankar,Delhi
4415,Yashoda Suresh,Jaipur
4416,Ojasvi Jani,Noida
4417,Jhalak Grover,Kolkata
4418,Theodore More,Indore
4419,Upma Chopra,Jaipur
4420,Niharika Choudhary,Bhopal
4421,Raagini Narayan,Indore
4422,Ansh Chand,Surat
4423,Chaaya Barad,Surat
4424,Qarin Bains,Hyderabad
4425,Tristan Kalita,Thane
4426,Daksh Pall,Hyderabad
4427,Zashil Tripathi,Indore
4428,Azaan Raju,Chennai
4429,Radhika Sahota,Indore
4430,Advay Dada,Nagpur
4431,Gayathri Murty,Thane
4432,Ishaan Palan,Hyderabad
4433,Vinaya Chauhan,Pune
4434,Yashoda Nair,Ahmedabad
4435,Jyoti Sidhu,Delhi
4436,Balveer Kaul,Bhopal
4437,Ucchal Munshi,Bhopal
4438,Nirja Doshi,Noida
4439,Arya Toor,Chennai
4440,Faris Mangat,Kolkata
4441,Chakradev Dhar,Chennai
4442,Qushi Bhatti,Bangalore
4443,Ishanvi Sur,Jaipur
4444,Chatresh Brahmbhatt,Pune
4445,Manbir Sant,Kolkata
4446,Sachi Sandal,Delhi
4447,Dakshesh Om,Surat
4448,Jacob Dugar,Surat
4449,Pranit Yohannan,Nagpur
4450,Naveen Buch,Thane
4451,Unnati Dada,Bhopal
4452,Gautam Dey,Kolkata
4453,Frado Prabhu,Delhi
4454,Nathan Issac,Noida
4455,Nandini Master,Ahmedabad
4456,Henry Gour,Indore
4457,Baljiwan Gala,Jaipur
4458,Ridhi Andra,Lucknow
4459,Abeer Chadha,Bangalore
4460,Samar Srivastava,Kolkata
4461,Arin Kurian,Nagpur
4462,Bishakha Kalla,Thane
4463,Andrew Bhargava,Delhi
4464,Jagvi Bedi,Nagpur
4465,Shaurya Manne,Kolkata
4466,Jai Cherian,Lucknow
4467,Nisha Kara,Jaipur
4468,Dev Wadhwa,Delhi
4469,Nitara Din,Kolkata
4470,Maanav Trivedi,Bangalore
4471,Unni Patil,Indore
4472,Vidhi Mand,Ahmedabad
4473,Wahab Kaur,Pune
4474,Finn Chaudhuri,Pune
4475,Varsha Nath,Ahmedabad
4476,Jackson Mane,Pune
4477,Abhimanyu Koshy,Thane
4478,Chandresh Chhabra,Indore
4479,Chatura Chauhan,Chennai
4480,Warinder Wadhwa,Nagpur
4481,Mohammed Narain,Nagpur
4482,Azad Brar,Nagpur
4483,Rishi Nigam,Bhopal
4484,Tanvi Sur,Bhopal
4485,Omisha Keer,Bangalore
4486,Aachal Natt,Noida
4487,Abhimanyu Subramanian,Noida
4488,Jalsa Chakrabarti,Bhopal
4489,Abha Bera,Hyderabad
4490,Vihaan Datta,Nagpur
4491,Ijaya Choudhry,Noida
4492,Tanish Murty,Kolkata
4493,Aarnav Loyal,Ahmedabad
4494,Shivansh Mangal,Mumbai
4495,Varsha Apte,Chennai
4496,Keya Gill,Noida
4497,Nathaniel Sathe,Ahmedabad
4498,Fiyaz Dewan,Bangalore
4499,Ubika Dalal,Surat
4500,Rajata Sandhu,Indore
4501,Ria Sankaran,Bhopal
4502,Wahab Bal,Mumbai
4503,Sara Cherian,Ahmedabad
4504,Agastya Swaminathan,Pune
4505,Girindra Arya,Chennai
4506,Chaitanya Hari,Mumbai
4507,Widisha Balasubramanian,Ahmedabad
4508,Frederick Mannan,Bangalore
4509,Krish Chander,Jaipur
4510,Balhaar Krishna,Kolkata
4511,David Bahl,Jaipur
4512,Nitara Bassi,Pune
4513,Udyati Thaman,Bangalore
4514,Anvi Garg,Thane
4515,Umang Oza,Mumbai
4516,Ekanta Sarin,Lucknow
4517,Vamakshi Mallick,Ahmedabad
4518,Frederick Deshmukh,Nagpur
4519,Krish Sarin,Bhopal
4520,Darpan Sekhon,Indore
4521,Yuvraj Goyal,Kolkata
4522,Zinal Khanna,Thane
4523,Damyanti Zachariah,Kolkata
4524,Laban Nair,Hyderabad
4525,Vansha De,Bangalore
4526,Hritik Sachdeva,Indore
4527,Yoshita Salvi,Bangalore
4528,Max Malhotra,Delhi
4529,Ekiya Pai,Ahmedabad
4530,Wyatt Mahajan,Jaipur
4531,Libni Datta,Surat
4532,Mohini Madan,Ahmedabad
4533,Ethan Chopra,Noida
4534,Divya Johal,Bhopal
4535,Maanav Sanghvi,Thane
4536,Tristan Sura,Thane
4537,Radha Saha,Mumbai
4538,Girish Vohra,Delhi
4539,Ucchal Puri,Surat
4540,Vritti Iyengar,Pune
4541,Osha Kohli,Hyderabad
4542,Ekantika Varughese,Lucknow
4543,Ladli Mand,Thane
4544,Ayushman Dora,Mumbai
4545,Libni Bhavsar,Chennai
4546,Omkaar Ganesh,Ahmedabad
4547,Lakshit Ganesh,Noida
4548,Adweta Sabharwal,Surat
4549,Upadhriti Brar,Lucknow
4550,Kalpit Dara,Kolkata
4551,Aahana Konda,Kolkata
4552,Naksh Bajwa,Bhopal
4553,Manthan Agarwal,Ahmedabad
4554,Nidra Cheema,Delhi
4555,Yash Wadhwa,Indore
4556,Madhav Chhabra,Ahmedabad
4557,Quincy Varkey,Bhopal
4558,Wridesh Behl,Ahmedabad
4559,Wishi Bir,Bangalore
4560,Lohit Dugal,Mumbai
4561,Deepa Dutta,Hyderabad
4562,Upma Mitra,Delhi
4563,Kevin Keer,Jaipur
4564,Ekavir Atwal,Hyderabad
4565,Januja Chad,Indore
4566,Ekavir Bora,Nagpur
4567,Mason Memon,Thane
4568,Megha Bali,Indore
4569,Dhruv Kapur,Nagpur
4570,Liam Sankaran,Pune
4571,Chavvi Varughese,Pune
4572,Rudra Singhal,Chennai
4573,Rachita Shroff,Pune
4574,Karan Mistry,Hyderabad
4575,Patrick Virk,Chennai
4576,Jonathan Ramesh,Jaipur
4577,Chaman Jain,Thane
4578,Amrita Mani,Thane
4579,Aarna Sharaf,Mumbai
4580,Rayaan Banik,Bhopal
4581,Sanya Tiwari,Thane
4582,Logan Raj,Bhopal
4583,Krishna Nayak,Bhopal
4584,Anusha Balasubramanian,Lucknow
4585,Faris Kari,Jaipur
4586,Ekaraj Tiwari,Surat
4587,Ekavir Ramachandran,Lucknow
4588,Bhanumati Handa,Mumbai
4589,Ladli Sha,Nagpur
4590,Saumya Chaudhry,Chennai
4591,Ekantika Dutta,Noida
4592,Anjali De,Pune
4593,Sarthak Mangal,Delhi
4594,Chakradhar Issac,Lucknow
4595,Nandini Mann,Hyderabad
4596,Lekha Bajaj,Lucknow
4597,Mitali Bumb,Indore
4598,Aachal Golla,Mumbai
4599,Ikshita Varughese,Nagpur
4600,Frado Sastry,Bhopal
4601,Vedika Mahajan,Lucknow
4602,Falguni Vohra,Bhopal
4603,Yatan Borra,Surat
4604,Jeet Bhavsar,Indore
4605,Jeet Kothari,Bangalore
4606,Nihal Cheema,Delhi
4607,Gaurav Narula,Lucknow
4608,Xiti Jain,Delhi
4609,Victor Ghosh,Ahmedabad
4610,Dipta Trivedi,Jaipur
4611,Chameli Barman,Bhopal
4612,Maanas Chopra,Mumbai
4613,Liam Rastogi,Bhopal
4614,Brijesh Rana,Hyderabad
4615,Hiral Anne,Pune
4616,Tamanna Prabhu,Ahmedabad
4617,Vrinda Prabhu,Hyderabad
4618,Praneel Murthy,Mumbai
4619,Chaman Bhatnagar,Hyderabad
4620,Yashodhara Saini,Noida
4621,Orinder Nigam,Bhopal
4622,Faras Dutt,Bhopal
4623,Quincy Boase,Surat
4624,Viraj D’Alia,Bangalore
4625,Hema Halder,Kolkata
4626,Yadavi Dar,Nagpur
4627,Farhan Pau,Lucknow
4628,Veda Prashad,Jaipur
4629,Ekbal Nagarajan,Bhopal
4630,Ikbal Dasgupta,Thane
4631,Warhi Choudhary,Noida
4632,Ayush Sagar,Surat
4633,Eiravati Sule,Ahmedabad
4634,Arin Thaker,Bangalore
4635,Diya Choudhary,Ahmedabad
4636,Krish Dua,Delhi
4637,Ranbir Chhabra,Jaipur
4638,Udyati Bawa,Noida
4639,Hemang Aurora,Nagpur
4640,Atharv Saha,Pune
4641,Priya Patla,Jaipur
4642,Chanchal Bahl,Ahmedabad
4643,Chanchal Deol,Bhopal
4644,Varenya Grewal,Hyderabad
4645,Aahana Badal,Delhi
4646,Panini Morar,Hyderabad
4647,Abhiram Narayan,Thane
4648,Aachal Konda,Nagpur
4649,Aadi Dube,Lucknow
4650,Lucky Hayer,Bangalore
4651,Fariq Mannan,Pune
4652,Zarna Mody,Surat
4653,Qadim Palan,Pune
4654,Tristan Menon,Nagpur
4655,Chaitaly Aurora,Indore
4656,Chandran Mohan,Noida
4657,Yahvi Malhotra,Chennai
4658,Yachana Trivedi,Hyderabad
4659,Indali Rastogi,Kolkata
4660,Maanav Behl,Ahmedabad
4661,Krishna Ganesan,Bhopal
4662,Irya Dar,Jaipur
4663,Gauri Brar,Nagpur
4664,Vamakshi Memon,Lucknow
4665,Vrinda Sharma,Pune
4666,Vrishti Kamdar,Kolkata
4667,Omisha Kaur,Nagpur
4668,Saksham Choudhury,Kolkata
4669,Ira Singhal,Surat
4670,Hardik Varughese,Bangalore
4671,Girish Patel,Indore
4672,Gaurang Bhatti,Lucknow
4673,Chaitaly Menon,Noida
4674,Urishilla Mann,Pune
4675,Atharv Mallick,Jaipur
4676,Varenya Prasad,Pune
4677,Jalsa Toor,Bangalore
4678,Zansi Chaudhry,Bhopal
4679,Yatan Sandal,Lucknow
4680,Banjeet Patla,Ahmedabad
4681,Qabil Mand,Indore
4682,Logan Bassi,Surat
4683,Darika Chauhan,Bhopal
4684,Ati Borah,Nagpur
4685,Girik Hayre,Kolkata
4686,Harita Boase,Kolkata
4687,Manbir Kuruvilla,Mumbai
4688,Kevin Nazareth,Surat
4689,Liam Johal,Thane
4690,Benjamin Pal,Thane
4691,Neel Sule,Nagpur
4692,Abhimanyu Borah,Noida
4693,Harshil Lall,Lucknow
4694,Yatan Datta,Delhi
4695,Yutika Deol,Surat
4696,Anita Oza,Bhopal
4697,Siya Thakkar,Noida
4698,Quincy Deol,Bangalore
4699,Sachi Roy,Bangalore
4700,Pallavi Dutta,Bangalore
4701,Viraj Bala,Lucknow
4702,Udarsh Sarma,Lucknow
4703,Vamakshi Rajagopal,Ahmedabad
4704,Anmol Mangat,Ahmedabad
4705,Wahab Deo,Thane
4706,Hardik Varughese,Nagpur
4707,Vyanjana Goda,Nagpur
4708,Chanchal Dhawan,Delhi
4709,Ayaan Ratti,Jaipur
4710,Nidra Sarkar,Mumbai
4711,Michael Naidu,Surat
4712,Jai Aggarwal,Surat
4713,Vincent Chatterjee,Surat
4714,Peter Brahmbhatt,Jaipur
4715,Fiyaz Tata,Nagpur
4716,Jonathan Goswami,Thane
4717,Darpan Dutta,Delhi
4718,Orinder Dhar,Noida
4719,Falguni De,Bangalore
4720,Dhruv Lanka,Noida
4721,Abeer Dara,Jaipur
4722,Upasna Thaman,Noida
4723,Alka Mistry,Ahmedabad
4724,Yoshita Saha,Bhopal
4725,Manbir Krishnan,Kolkata
4726,Vivaan Yohannan,Pune
4727,Pratyush Bala,Thane
4728,Sudiksha Pradhan,Indore
4729,Osha Soni,Thane
4730,Siya Sankaran,Noida
4731,Faris Bali,Delhi
4732,Widisha Luthra,Bhopal
4733,Ikshita Basu,Noida
4734,Tanvi Sha,Hyderabad
4735,Dakshesh Thakur,Thane
4736,Jackson Tella,Nagpur
4737,Ira Sibal,Surat
4738,Bhavika Ahuja,Surat
4739,Aarini Balan,Mumbai
4740,Bina Walla,Noida
4741,Yochana Puri,Thane
4742,Advaith Ravel,Bangalore
4743,Wishi Sunder,Chennai
4744,Niharika Hora,Jaipur
4745,Ayaan Ghose,Hyderabad
4746,Pavani Palla,Thane
4747,Aayush Raja,Hyderabad
4748,Ranbir Bakshi,Bangalore
4749,Yash Pillay,Ahmedabad
4750,Vanya Sengupta,Jaipur
4751,Xalak Baria,Kolkata
4752,Tripti Babu,Ahmedabad
4753,Amruta Chad,Nagpur
4754,Oviya Atwal,Bangalore
4755,Anya Sarraf,Chennai
4756,Nathan Murthy,Indore
4757,Kashvi Rout,Ahmedabad
4758,Bishakha Krishna,Kolkata
4759,Frado Chopra,Kolkata
4760,Ridhi Hora,Chennai
4761,Kevin Dewan,Delhi
4762,Eiravati Wadhwa,Kolkata
4763,Upma Grewal,Hyderabad
4764,Imaran Chatterjee,Pune
4765,Aadi Luthra,Hyderabad
4766,Ekaraj Sodhi,Mumbai
4767,Dhruv Warrior,Delhi
4768,Mason Krishna,Mumbai
4769,Suhani Chaudhuri,Nagpur
4770,Janaki Ganguly,Bangalore
4771,Darsh Boase,Nagpur
4772,Riya Narang,Mumbai
4773,Lakshmi Amble,Thane
4774,Girish Kalita,Indore
4775,Suhani Gera,Mumbai
4776,Udyati Mane,Thane
4777,Brijesh Padmanabhan,Thane
4778,Neelima Sachar,Kolkata
4779,Darika Jha,Delhi
4780,Azad Amble,Surat
4781,Ria Palan,Thane
4782,Zilmil Ramachandran,Chennai
4783,Kala Choudhry,Surat
4784,Anirudh Hayre,Chennai
4785,Krish Kuruvilla,Delhi
4786,Wishi Deep,Bangalore
4787,Aachal Nori,Mumbai
4788,Garima Baria,Kolkata
4789,Owen Deep,Jaipur
4790,Elijah Gole,Mumbai
4791,Gayathri Borra,Bangalore
4792,Aarush Sekhon,Pune
4793,Harita Choudhary,Bangalore
4794,Zayan Bala,Pune
4795,Bimala Mangat,Bangalore
4796,Arjun Lall,Mumbai
4797,Girish Parmar,Lucknow
4798,Ekani Chauhan,Delhi
4799,Lipika Majumdar,Indore
4800,Chatura Bava,Surat
4801,Aishani Oak,Delhi
4802,Mason Patel,Chennai
4803,Amruta Dara,Jaipur
4804,Yashawini Goel,Pune
4805,Anya Jani,Chennai
4806,Oscar Tailor,Kolkata
4807,Eta Dora,Ahmedabad
4808,Yadavi Narang,Nagpur
4809,Jalsa Mital,Mumbai
4810,Ekantika Kar,Nagpur
4811,Hredhaan Chakrabarti,Bangalore
4812,Jagvi Bose,Lucknow
4813,Bhavani Parsa,Jaipur
4814,Prisha Lala,Mumbai
4815,Ishita Mitra,Jaipur
4816,Watika Solanki,Bangalore
4817,Brijesh Vohra,Surat
4818,Ojas Subramaniam,Ahmedabad
4819,Victor Misra,Pune
4820,Kashvi Chand,Chennai
4821,Benjamin Bassi,Bangalore
4822,Turvi Puri,Chennai
4823,Nidra Narula,Ahmedabad
4824,Upasna Dugal,Lucknow
4825,Eshana Sama,Indore
4826,Aarini Sanghvi,Indore
4827,Zilmil Ganesan,Noida
4828,Balhaar Garde,Lucknow
4829,Urmi Parmar,Delhi
4830,Gautam Swamy,Nagpur
4831,Ekavir Gara,Nagpur
4832,Unni Sahota,Chennai
4833,Azaan Bakshi,Jaipur
4834,Diya Manda,Pune
4835,Vanya Ramesh,Thane
4836,Nathaniel Sethi,Thane
4837,Harish Mody,Jaipur
4838,Hemal Taneja,Ahmedabad
4839,Aayush Thakkar,Delhi
4840,Saksham Radhakrishnan,Chennai
4841,Zayan Keer,Bangalore
4842,Dakshesh Trivedi,Ahmedabad
4843,Ishwar Sule,Pune
4844,Umang Dayal,Thane
4845,Yuvraj Narang,Noida
4846,Owen Brar,Noida
4847,Viraj Roy,Surat
4848,David Dara,Indore
4849,Charita Bir,Pune
4850,Hitesh Khanna,Jaipur
4851,Omkaar Gole,Noida
4852,Qarin Jhaveri,Indore
4853,Zehaan Kalita,Chennai
4854,Rajata Loke,Ahmedabad
4855,Eesha Kalla,Ahmedabad
4856,Oeshi Panchal,Jaipur
4857,Tanish Shankar,Thane
4858,Bimala Palla,Lucknow
4859,Isaac Mody,Bangalore
4860,Akshay Desai,Pune
4861,Yamini Baria,Bhopal
4862,Diya Konda,Indore
4863,Triveni Parekh,Noida
4864,Caleb Koshy,Nagpur
4865,Indrajit Khosla,Nagpur
4866,Yashvi Bail,Indore
4867,Wahab Kumar,Bangalore
4868,Benjamin Padmanabhan,Nagpur
4869,Kai Mittal,Delhi
4870,Elijah Oak,Thane
4871,Upadhriti Venkataraman,Bhopal
4872,Anirudh Dara,Lucknow
4873,Bina Raja,Pune
4874,Ranbir Ram,Thane
4875,Vincent Shetty,Lucknow
4876,Jairaj Mutti,Noida
4877,Sai Bahri,Bhopal
4878,Saanvi Raj,Bangalore
4879,Aarush Toor,Surat
4880,Oscar Goyal,Nagpur
4881,Falak Kata,Jaipur
4882,Peter Zachariah,Mumbai
4883,Gabriel Hayer,Bangalore
4884,Zilmil Chaudhari,Surat
4885,Banjeet Bal,Delhi
4886,Om Sama,Lucknow
4887,Manbir Deshpande,Kolkata
4888,Max Agarwal,Chennai
4889,Deepa Ravel,Noida
4890,Zaitra Raja,Jaipur
4891,Kamya Wali,Nagpur
4892,Jatin Murthy,Surat
4893,David Chopra,Jaipur
4894,Orinder Narasimhan,Ahmedabad
4895,Neel Lata,Surat
4896,Jagvi Rai,Bhopal
4897,Jeet Krishna,Bangalore
4898,Kevin Srivastava,Bhopal
4899,Vasana Issac,Thane
4900,Hritik Master,Noida
4901,Aarini Pandit,Chennai
4902,Ijaya Rama,Thane
4903,Hamsini Sundaram,Noida
4904,Girish Deol,Delhi
4905,Dalbir Prabhu,Thane
4906,Zayyan Thaman,Thane
4907,Chakradev Dutt,Kolkata
4908,Christopher Ghosh,Delhi
4909,Aarnav Chaudhary,Surat
4910,Ira Doshi,Hyderabad
4911,Dipta Sethi,Thane
4912,Chakrika Srinivas,Noida
4913,Devansh Chacko,Thane
4914,Daksha Sarma,Lucknow
4915,Adya Dasgupta,Surat
4916,Pallavi Yadav,Ahmedabad
4917,Rudra Acharya,Indore
4918,Aadi Pillay,Bhopal
4919,Irya Khalsa,Chennai
4920,Faqid Nayar,Delhi
4921,Yashasvi Hayre,Nagpur
4922,Aadhya Pingle,Nagpur
4923,Pooja Baria,Surat
4924,Veda Nath,Noida
4925,Amara Sura,Kolkata
4926,Fiyaz Badami,Thane
4927,Jyoti Thakur,Bangalore
4928,Teerth Borra,Hyderabad
4929,Vedant Apte,Kolkata
4930,Divya Atwal,Nagpur
4931,Watika Mitra,Hyderabad
4932,Faras Ratti,Kolkata
4933,Eesha Srinivas,Indore
4934,Aarna Seth,Surat
4935,Hitesh Chand,Nagpur
4936,Pahal Varty,Ahmedabad
4937,Turvi Kari,Delhi
4938,Yauvani Dani,Pune
4939,Nitesh Dayal,Indore
4940,Faris Sastry,Noida
4941,Yachana Memon,Bangalore
4942,Daksh Gill,Bangalore
4943,Vihaan Dara,Chennai
4944,Varsha Murty,Chennai
4945,Ekani Malhotra,Indore
4946,Harini Borra,Delhi
4947,Oviya Naidu,Noida
4948,Laban Buch,Indore
4949,Ganga Subramaniam,Bhopal
4950,Madhav Krishnamurthy,Chennai
4951,Maya Rau,Chennai
4952,Ishwar Khatri,Thane
4953,Christopher Bal,Nagpur
4954,Unni Kapur,Thane
4955,Michael Chaudry,Thane
4956,Bimala Brar,Bangalore
4957,Luke Tandon,Lucknow
4958,Lila Shan,Pune
4959,Panini Seth,Hyderabad
4960,Nimrat Mane,Nagpur
4961,Frado Agate,Chennai
4962,Alexander Narayanan,Bangalore
4963,Veer Choudhary,Hyderabad
4964,Fiyaz Suresh,Surat
4965,Jonathan Grewal,Lucknow
4966,Jason Edwin,Lucknow
4967,Chandresh Chaudry,Noida
4968,Lohit Sane,Bangalore
4969,Ladli Ramanathan,Jaipur
4970,Isha Palan,Surat
4971,Yachana Salvi,Lucknow
4972,Jalsa Misra,Thane
4973,Ojasvi Prasad,Delhi
4974,Yasti Issac,Surat
4975,Siddharth Tella,Lucknow
4976,Aishani Loke,Kolkata
4977,Avni Mittal,Thane
4978,Aarna Bal,Pune
4979,Hemani Varty,Delhi
4980,Dipta Trivedi,Lucknow
4981,Triya Pandit,Nagpur
4982,Advik Contractor,Bangalore
4983,Yagnesh Ganguly,Bangalore
4984,Rohan Patla,Hyderabad
4985,Anirudh Walia,Thane
4986,Amara Bakshi,Noida
4987,Kashish Bal,Kolkata
4988,Rushil Rattan,Bangalore
4989,Chaitanya Vala,Lucknow
4990,Jason Dayal,Surat
4991,Tanvi Sankar,Pune
4992,Bahadurjit Narula,Mumbai
4993,Hardik Maharaj,Ahmedabad
4994,Ladli Bhatti,Indore
4995,Dipta Kaur,Indore
4996,Niharika Misra,Indore
4997,Ranveer Sha,Pune
4998,Mugdha Dave,Hyderabad
4999,Lohit Sundaram,Pune
5000,Aahana Ramanathan,Pune
